"pathway","pval","padj","log2err","ES","NES","size","leadingEdge","NK_cluster"
"GSE26495_NAIVE_VS_PD1LOW_CD8_TCELL_DN",1e-10,6.86e-08,NA,0.83575071292427,2.30211868927202,81,"FGFBP2;GZMH;CST7;NKG7;PRF1;GZMB;PRSS23;S100A4;EFHD2;CCL4;ADGRG1;ASCL2;ZEB2;TTC38;PYHIN1;GNLY;TGFBR3;CD99;SH3BP5;SYNE2;OSBPL5;LPCAT1;ITGAL;AHNAK;ADRB2;MYBL1;KLRD1;TBX21;APMAP;CTSC;LGALS1;PTP4A2;SLC15A4;MBP;GAB3;RAP2B;TNFRSF1B;KLRG1;ANXA4;CD226;CAST;DENND3","1"
"GSE26495_NAIVE_VS_PD1HIGH_CD8_TCELL_DN",5.86990498210503e-08,2.01337740886203e-05,0.719512826338911,0.789213326193271,2.13099326969578,71,"FGFBP2;GZMH;CST7;NKG7;PRF1;S100A4;EFHD2;ADGRG1;ZEB2;TTC38;PYHIN1;TGFBR3;CD99;SH3BP5;SYNE2;LPCAT1;ITGAL;AHNAK;ADRB2;MYBL1;KLRD1;RAB29;TBX21;APMAP;CTSC;PTP4A2;SLC15A4;GAB3","1"
"GSE24081_CONTROLLER_VS_PROGRESSOR_HIV_SPECIFIC_CD8_TCELL_DN",3.63648371516381e-06,0.000831542609534124,0.627256739718528,0.845035015431784,2.01524541071067,35,"GZMH;PRF1;GZMB;PRSS23;ADGRG1;PLEK;LAIR2;TTC38","1"
"GSE15324_ELF4_KO_VS_WT_NAIVE_CD8_TCELL_DN",4.34711851076198e-05,0.00737440796768781,0.557332238758646,-0.845064029207462,-1.86135051591211,19,"RGS1;FOSB;HSPA1A;CD69;JUNB;DUSP1;PPP1R15A;TNFAIP3;CKS2","1"
"GSE37301_HEMATOPOIETIC_STEM_CELL_VS_RAG2_KO_NK_CELL_DN",5.37493292105526e-05,0.00737440796768781,0.557332238758646,-0.68942423373092,-1.84984185531486,62,"RGS1;HSP90AB1;FOSB;HSPA1A;CD69;JUNB;DUSP1;PLP2;DNAJB1;NR4A1;CXCR3;HSP90AA1;TNFAIP3;GPR183;UBC;STMN1;TUBA1A;RHOB;ATF3;GATA3;RGS2;ATF4;CITED2;ELF1","1"
"GSE24081_CONTROLLER_VS_PROGRESSOR_HIV_SPECIFIC_CD8_TCELL_UP",0.000127992607245029,0.0146338214283483,0.518848077743792,-0.722738916349068,-1.81133443796564,41,"RGS1;AREG;ITM2C;PABPC1;HSPH1;CXCR3;LMNA;TNFAIP3;BTG1;IFRD1;MAFF;ZFP36;SLC7A5;CLK1;BIRC3;ABCB1;SYPL1","1"
"GSE6259_FLT3L_INDUCED_DEC205_POS_DC_VS_CD8_TCELL_DN",0.00015677196362001,0.015363652434761,0.518848077743792,0.766177412701281,1.90544904237396,44,"NKG7;PRF1;GZMB;CYBA;PLAC8;EFHD2;CCL4","1"
"GSE8678_IL7R_LOW_VS_HIGH_EFF_CD8_TCELL_UP",0.00022462841629146,0.0192618866969927,0.518848077743792,0.793680772553644,1.87256439717868,33,"PRF1;S1PR5;CX3CR1;CCL4;ITGB2;EMP3;ZEB2;FLNA;PRDM1;GSAP;RASGRP2;CCND3","1"
"GSE45365_CD8A_DC_VS_CD11B_DC_IFNAR_KO_MCMV_INFECTION_DN",0.000509031414323173,0.0387995055806329,0.477270815362862,-0.792354771665001,-1.76466200209037,20,"LDLRAD4;DUSP1;JUN;NFKBIA;NFKBIZ;TNFAIP3;EGR1;CD82;CSRNP1;ATF3;P2RY10;IER3","1"
"GSE45365_HEALTHY_VS_MCMV_INFECTION_CD8A_DC_UP",0.000719658274173568,0.0493685576083068,0.477270815362862,0.794698828684975,1.8261528406393,29,"SPON2;ITGB2;GTF3C1;MTSS1","1"
"GSE26495_NAIVE_VS_PD1LOW_CD8_TCELL_DN",1.51104818249588e-10,7.47968850335459e-08,0.826657301178302,-0.760620219114595,-2.4033878961696,64,"CCL5;GZMA;CCL4;FGFBP2;GZMH;PRF1;GZMB;CST7;ADGRG1;NKG7;PYHIN1;SYNE2;PRSS23;LGALS1;LAG3;TIGIT;ANXA2;S100A4;GBP5;TTC38;CTSC;PTPN4;STARD3NL;EFHD2;CD99;CLEC2B","3"
"GSE26495_NAIVE_VS_PD1HIGH_CD8_TCELL_DN",2.90497239106617e-07,7.18980666788877e-05,0.674962860011025,-0.707631137555344,-2.20254136043589,59,"CCL5;GZMA;FGFBP2;GZMH;PRF1;CST7;ADGRG1;NKG7;PYHIN1;SYNE2;LAG3;TIGIT;ANXA2;S100A4;GBP5;TTC38;CTSC;STARD3NL;EFHD2;CD99;CLEC2B;PTPN22;RAB27A;NEDD9","3"
"GSE9650_EFFECTOR_VS_MEMORY_CD8_TCELL_DN",7.17509237586767e-06,0.00118389024201817,0.610526878385931,0.77807295803333,2.09999739181797,41,"SELL;IL7R;CCR7;TCF7;RGCC;ZFP36L2;BTG1;DDX5;FOSB;HSP90AB1;FOS;SATB1;EIF1;SOCS3;DUSP1;NPM1","3"
"KAECH_DAY8_EFF_VS_MEMORY_CD8_TCELL_DN",2.11038641848747e-05,0.00261160319287824,0.575610261071129,0.762114701130186,2.0569264978503,41,"SELL;IL7R;CCR7;TCF7;RGCC;ZFP36L2;TNFAIP3;DDX5;FOSB;FOS;SATB1;EIF1;IER2;SOCS3;DUSP1;NPM1","3"
"GSE9650_EXHAUSTED_VS_MEMORY_CD8_TCELL_DN",3.4461730761798e-05,0.003411711345418,0.557332238758646,0.753835067863983,2.01437729957038,38,"SELL;IL7R;CD44;KLRC1;TAGLN2;FOS;SATB1;EIF1;ITGAX;ANXA1;LDHA;DUSP1","3"
"GSE22886_NAIVE_CD8_TCELL_VS_MONOCYTE_UP",4.1929715320032e-05,0.00345920151390264,0.557332238758646,-0.687639322087208,-2.04580190483653,46,"GZMA;CD247;GZMH;PRF1;GZMB;CLIC3;NKG7;SYNE2;IL32;CD160;LCK;PTPN4;CD3D;SKAP1","3"
"GSE24081_CONTROLLER_VS_PROGRESSOR_HIV_SPECIFIC_CD8_TCELL_DN",7.4455896797693e-05,0.00526509555926543,0.538434096309916,-0.801127630649057,-2.03983701474791,20,"GZMH;PRF1;GZMB;IKZF3;ADGRG1;PRSS23;TTC38;PLEK;CLEC2B","3"
"GSE3039_NKT_CELL_VS_ALPHAALPHA_CD8_TCELL_DN",0.000125892421504429,0.00778959358058654,0.518848077743792,-0.659284220084434,-2.0086335464007,52,"CCL5;GZMA;CD247;PRF1;GZMB;CST7;IKZF3;NKG7;LAG3;LCK;FASLG;EFHD2;CD3D;SKAP1;GIMAP7;CD3E;SH2D2A;HLA-C;SYTL2;CISD3","3"
"KAECH_NAIVE_VS_DAY8_EFF_CD8_TCELL_UP",0.000315032732928702,0.0173268003110786,0.49849310876659,0.82185164617215,1.9544733967883,19,"SELL;IL7R;CCR7;TCF7;RGCC;SATB1","3"
"GOLDRATH_NAIVE_VS_EFF_CD8_TCELL_DN",0.000753650325828439,0.0310880759404231,0.477270815362862,-0.654986952769322,-1.9182087517118,42,"GZMA;CCL4;PRF1;GZMB;PRDM1;S100A6;LGALS1;LAG3;MT2A;ANXA2;S100A4;GZMM;FASLG;EFHD2;CD99","3"
"GSE23568_ID3_TRANSDUCED_VS_ID3_KO_CD8_TCELL_DN",0.000741107560525453,0.0310880759404231,0.477270815362862,0.690150667449731,1.87099159143198,42,"SELL;IL7R;CCR7;TPT1;ZFP36L2;MCL1;CD83;DNAJB9;DUSP1;PDE4B","3"
"GSE9650_NAIVE_VS_EFF_CD8_TCELL_DN",0.00067780458720534,0.0310880759404231,0.477270815362862,-0.608593525100358,-1.87288118755267,54,"CCL5;GZMA;PRF1;GZMB;CX3CR1;S100A6;LGALS1;MT2A;ACTB;CD160;ANXA2;S100A4;HMGB2;FASLG","3"
"KAECH_DAY8_EFF_VS_DAY15_EFF_CD8_TCELL_DN",0.00089119349533781,0.033933906168632,0.477270815362862,0.81503196928834,1.91549722104391,18,"SELL;IL7R;TCF7","3"
"GSE6259_FLT3L_INDUCED_DEC205_POS_DC_VS_CD8_TCELL_DN",0.000986797464607126,0.0343718044756112,0.45505986738723,-0.71779259137848,-1.92345595110981,27,"CCL4;PRF1;GZMB;CYBA;NKG7;CSF1;GBP5;EFHD2;PSMB9;LGALS3","3"
"GSE9650_NAIVE_VS_EFF_CD8_TCELL_UP",0.00104194955577959,0.0343718044756112,0.45505986738723,0.784687956223148,1.91866039774722,22,"SELL;IL7R;CCR7;TCF7;RGCC;SATB1","3"
"GSE9650_NAIVE_VS_EXHAUSTED_CD8_TCELL_DN",0.0011110078214339,0.0343718044756112,0.45505986738723,-0.715259975702103,-1.91666934624218,27,"CCL5;GZMB;PRDM1;GNPTAB;CSF1;FASLG;F2R;EFHD2","3"
"GSE28726_ACT_CD4_TCELL_VS_ACT_VA24NEG_NKTCELL_DN",0.00135610059012888,0.0374486848160175,0.45505986738723,0.629984260843614,1.78697240688506,56,"IL7R;GPR183;SRGN;TCF7;BTG1;TNFAIP3;DDX5;AREG;SOX4;MCL1;EIF1;CXCR4;DDX3X;PDE4B;JUNB","3"
"GSE3982_CENT_MEMORY_CD4_TCELL_VS_NKCELL_DN",0.00136177035694609,0.0374486848160175,0.45505986738723,-0.740115134918587,-1.92218388946378,22,"CCL5;GZMA;ADGRG1;PLEKHF1;F2R;CTSC;PLEK","3"
"GSE24081_CONTROLLER_VS_PROGRESSOR_HIV_SPECIFIC_CD8_TCELL_UP",0.0016701821353245,0.0435126398413489,0.45505986738723,0.716170307865633,1.84555065837822,30,"LMNA;CCR7;MAFF;BTG1;TNFAIP3;AREG;BIRC3;EIF1;PABPC1","3"
"GSE26495_NAIVE_VS_PD1LOW_CD8_TCELL_DN",1e-10,6.69e-08,NA,-0.624167100836547,-2.67942007063261,69,"FGFBP2;PRF1;CST7;ZEB2;GZMB;SYTL3;EFHD2;GNLY;NKG7;CAST;GZMH;MBP;PTGDR;AUTS2;MAP3K8;TNFRSF1B;CCL4;CHST12;APMAP;MYBL1;ADGRG1;CTDSP1;RAP2B;MCTP2;PTP4A2;TTC38;FYN;BHLHE40;AHNAK;CXXC5;PTPN4;KLRD1;HOPX;CD226;ITGAL;TNFSF12;PDIA6","4"
"GSE37301_HEMATOPOIETIC_STEM_CELL_VS_RAG2_KO_NK_CELL_DN",2.17623260228282e-09,7.27949805463604e-07,0.774939030136436,0.858861381253191,2.30676405745151,61,"DNAJB1;HSPA1A;HSP90AA1;DUSP1;RHOB;JUNB;FOSB;UBC;HSP90AB1;NR4A1;CD69;IFNG;ZFAND2A;CITED2;ATF3;DNAJA4;RGS2;HEXIM1;HSPA2;BTG2;TUBA1A;KLF6;PLK2;PLK3;ARL4D;GLA;NABP1","4"
"KAECH_DAY8_EFF_VS_MEMORY_CD8_TCELL_DN",1.37120790520933e-07,3.0577936286168e-05,0.690132458796796,0.875208865741256,2.22608527972722,43,"JUN;DUSP1;RHOB;FOS;FOSB;EGR1;BAG3;IFNG;FTL;IER2;RGS2;EIF1;SOCS3;KLF6;ZFP36;ZFP36L1;SRSF7","4"
"GSE26495_NAIVE_VS_PD1HIGH_CD8_TCELL_DN",1.24656021330749e-06,0.000208487195675678,0.643551836150722,-0.5399793059731,-2.30171241446195,66,"FGFBP2;PRF1;CST7;ZEB2;SYTL3;EFHD2;NKG7;CAST;GZMH;PTGDR;AUTS2;MAP3K8;TNFRSF1B;APMAP;MYBL1;ADGRG1;RUNX3;MCTP2;PTP4A2;TTC38;FYN;BHLHE40;AHNAK","4"
"GSE45365_NK_CELL_VS_BCELL_UP",1.88775667459677e-06,0.000252581843061048,0.643551836150722,0.84743667983098,2.16608108403711,44,"HSP90AA1;DUSP1;DNAJA1;FOS;JUNB;FOSB;EGR1;IER2;ATF3;RGS2;ID3;CD83;IER5;ZFP36;PHLDA1;NABP1;IFRD1;CSRNP1;ICAM1;GEM","4"
"GSE15324_ELF4_KO_VS_WT_NAIVE_CD8_TCELL_DN",2.57551943160717e-06,0.0002871704166242,0.627256739718528,0.923409432434517,2.06123522149723,19,"HSPA1A;DUSP1;GADD45B;PPP1R15A;JUNB;FOSB;CD69;IFNG;HEXIM1;CKS2","4"
"GSE24081_CONTROLLER_VS_PROGRESSOR_HIV_SPECIFIC_CD8_TCELL_DN",5.82811785867947e-06,0.000557001549636652,0.610526878385931,-0.619872883960086,-2.2840021824787,35,"PRF1;GZMB;PTPRC;CD38;GZMH;N4BP2L2;ADGRG1;EID1;ARPC5;PLEK;MCTP2;LRRFIP1;MIS18BP1;TTC38;PPIA;PYCARD;PGLS;PSME2;SRPK2","4"
"GSE20754_WT_VS_TCF1_KO_MEMORY_CD8_TCELL_UP",1.80266667383114e-05,0.00150748000599129,0.575610261071129,0.829811057936503,2.14125398153887,47,"HSPA1B;HSPA1A;DUSP1;GADD45B;PPP1R15A;NR4A1;ATF3;SERTAD1;KLF6;IER5;EGR2;CSRNP1;PPP1R10;ICAM1","4"
"KAECH_DAY15_EFF_VS_MEMORY_CD8_TCELL_DN",3.55278705121559e-05,0.00264090504140359,0.557332238758646,0.823526995695813,2.12503851518129,47,"HSPA1B;DUSP1;PPP1R15A;FOSB;HSP90AB1;EGR1;HSPE1;FTL;NFKBIA;SOCS3;KLF6;ZFP36","4"
"GSE9650_EFFECTOR_VS_MEMORY_CD8_TCELL_DN",8.84747193228367e-05,0.00591895872269778,0.538434096309916,0.809813440391728,2.08965189961974,47,"JUN;DUSP1;RHOB;FOS;FOSB;HSP90AB1;HSPE1;IFNG;RGS2;EIF1;SOCS3;KLF6;NFKBIZ;ZFP36;SRSF7","4"
"GSE22886_NAIVE_CD8_TCELL_VS_MEMORY_TCELL_UP",0.000102459792411399,0.00623141828392966,0.538434096309916,-0.597461662317694,-2.12960152935831,31,"PRF1;GZMB;CX3CR1;NKG7;GZMH;GTF3C1;CHST12;ATM;APMAP;MYBL1;NCR3;PLEK;SFSWAP","4"
"GSE8678_IL7R_LOW_VS_HIGH_EFF_CD8_TCELL_UP",0.000176922496116718,0.00986342915850702,0.518848077743792,-0.572974876439154,-2.09423198855969,34,"PRF1;ZEB2;SYTL3;ITGB2;CX3CR1;FLNA;SEC14L1;CCND3;S1PR5;CCL4;TRAPPC1","4"
"GSE40666_STAT1_KO_VS_STAT4_KO_CD8_TCELL_WITH_IFNA_STIM_90MIN_DN",0.000226179121702479,0.0116395255706891,0.518848077743792,0.846628643379539,1.98027802299299,27,"JUN;PPP1R15A;FOSB;NR4A1;EGR1;IER3;DUSP2;BTG2;SOCS3;EGR2","4"
"GSE9650_EFFECTOR_VS_MEMORY_CD8_TCELL_UP",0.000282642258302143,0.0135062622002953,0.49849310876659,-0.480644845967753,-2.00236535557008,58,"GZMB;CX3CR1;JAK1;PRELID1;ITGAX;SEC14L1;DBI;TRAPPC1;S100A11;LITAF;ARHGDIB;ATP6V0E1;MIS18BP1;BRD7;ITGA4;PPIB;CAPNS1;UBL5;POMP;COMMD2;LSM1;TMEM160;MXD4;MT2A","4"
"GSE7764_NKCELL_VS_SPLENOCYTE_UP",0.000367586624727304,0.0163943634628378,0.49849310876659,-0.523446557391615,-1.98431591844981,39,"PRF1;METRNL;GZMB;FOSL2;NKG7;ITGAX;S1PR5;APMAP;RUNX3;IQGAP2;ARHGAP9;USP47;PTPN4;KLRD1;TXK;FASLG;YPEL1;PTPRE;NCR1","4"
"GSE3039_ALPHAALPHA_VS_ALPHABETA_CD8_TCELL_UP",0.000393102062823761,0.0164365800018185,0.49849310876659,0.781791338192245,2.02149833174471,48,"HSPA1B;HSPA1A;JUN;EGR1;IER3;ANKRD37;CDKN1A;SOCS3","4"
"GSE12392_CD8A_POS_VS_NEG_SPLEEN_IFNB_KO_DC_DN",0.000547813675699608,0.0215580793554728,0.477270815362862,0.77283438796308,2.00307565377431,49,"JUN;DUSP1;JUNB;FOSB;EGR1;IER2;FKBP4;KLF6;ZFP36;SRSF7","4"
"GSE27786_CD4_TCELL_VS_NKCELL_DN",0.000622462316847818,0.0229005943993077,0.477270815362862,-0.473717955515049,-1.9177279267065,52,"PRF1;ITGB2;PTPRC;CYBA;YWHAB;DYNLT1;MSN;BRK1;DBI;MAP3K8;PTPN12;UCP2;YWHAZ;CEBPB;ITGA4;ARHGAP30;CAPNS1","4"
"GSE39152_CD103_NEG_VS_POS_MEMORY_CD8_TCELL_UP",0.000650390573373462,0.0229005943993077,0.477270815362862,0.807232004056084,2.00598957180172,38,"HSPA1B;HSPA1A;HSP90AB1;ZFAND2A;BTG2","4"
"GSE45365_CD8A_DC_VS_CD11B_DC_IFNAR_KO_MCMV_INFECTION_DN",0.000684887682433565,0.0229094929774027,0.477270815362862,0.874166239074714,1.95131452867452,19,"JUN;DUSP1;EGR1;ATF3;IER3;NFKBIA;BTG2;NFKBIZ","4"
"GSE41867_DAY6_VS_DAY8_LCMV_CLONE13_EFFECTOR_CD8_TCELL_UP",0.000740770040661574,0.0235988170096473,0.477270815362862,-0.522375122455069,-1.94753283565364,37,"PLAC8;IFITM3;WASF2;CCND3;FCER1G;CCL4;TRAPPC1;MYO1F;ATP6V0E1;MCTP2;COX8A;SH3BGRL;FMNL1;BHLHE40;RNF213","4"
"GSE3337_4H_VS_16H_IFNG_IN_CD8POS_DC_UP",0.000863575140144923,0.0262605349434979,0.477270815362862,0.765995124438755,2.01356069454874,53,"HSPA1A;GADD45B;HSP90AB1;IFNG;GADD45G;EIF4A3;CDKN1A;LMNA;CD83;DDIT3;PLK2;ZFP36","4"
"GSE22443_NAIVE_VS_ACT_AND_IL2_TREATED_CD8_TCELL_UP",0.00106076713219274,0.0283861284574778,0.45505986738723,0.878090679539578,1.91750300596337,17,"DNAJB1;HSP90AA1;DNAJB4;BTG2;PLK2","4"
"GSE31082_CD4_VS_CD8_SP_THYMOCYTE_DN",0.00100033044514625,0.0283861284574778,0.45505986738723,-0.541962204577921,-1.96233499939475,33,"PRF1;SPN;SMAP2;DYNLT1;STAT4;SORL1;CTSW;DEK;RUNX3;MCTP2;ITGA4;AHNAK","4"
"GSE34392_ST2_KO_VS_WT_DAY8_LCMV_EFFECTOR_CD8_TCELL_DN",0.00102844972518431,0.0283861284574778,0.45505986738723,0.786765394231011,2.00113016589827,43,"DUSP1;RHOB;GADD45B;JUNB;EGR1;ID2;ATF3;HERPUD1;NFKBIZ;PLK3;EGR2;MARCKSL1;PHLDA1;GEM;SLC5A3;CSF1;NFKBID;CARD19;ATF4;TNFSF9;DUSP5","4"
"GSE28726_NAIVE_VS_ACTIVATED_VA24NEG_NKTCELL_DN",0.0014577941315434,0.0375101643847128,0.45505986738723,0.859784459916202,1.91921151054619,19,"DNAJB1;RHOB;JUNB;HEXIM1","4"
"GSE3039_ALPHAALPHA_VS_ALPHABETA_CD8_TCELL_DN",0.00161909991340312,0.0401176978543217,0.45505986738723,-0.521770238690573,-1.9070782498092,34,"PTPRC;NKG7;SPN;MBP;DNAJC8;S1PR5;PXN;CTSW;ITGA4;SERF2;ARPC5L;TXK;STK10;MDM4;FASLG;NCR1;ROCK1;PSIP1","4"
"GSE17301_CTRL_VS_48H_ACD3_ACD28_IFNA2_STIM_CD8_TCELL_UP",0.00172701467477002,0.0405688562616527,0.45505986738723,0.776022925288248,1.94517607761197,40,"HSPA1A;DUSP1;JUNB;NFKBIA;HSPD1;DYNLL1;TUBA1B","4"
"GSE3982_CENT_MEMORY_CD4_TCELL_VS_NKCELL_DN",0.00175859018174578,0.0405688562616527,0.45505986738723,-0.494829343690133,-1.88438186667692,40,"PLAC8;CD38;JAK1;WASF2;NDUFS6;LYN;FCER1G;PTPN12;UQCRFS1;ADGRG1;NCR3;PLEK;NCAM1;CD300A;PTPN6;RAB11FIP1;RFTN1;PTPRE;NCR1","4"
"GOLDRATH_EFF_VS_MEMORY_CD8_TCELL_UP",1e-10,2.04e-09,NA,0.890264575084007,2.03479248106999,136,"DLGAP5;KIF2C;ASPM;TOP2A;AURKB;MKI67;TYMS;TK1;CDK1;CDCA8;BIRC5;ASF1B;RAD51AP1;CDCA3;UBE2T;RRM2;CCNA2;CCNB2;KIF11;CENPA;CDC45;NUSAP1;KIF23;GGH;ANLN;CDKN3;NCAPH;BRCA1;KIF4A;TCF19;PRC1;RAD51;MAD2L1;DHFR;SMC2;MCM10;DTL;CHEK1;NEK2;CDC6;BUB1;STMN1;LIG1;CDC20;CHAF1A;E2F8;RRM1;KIF20A;CCNF;HMGB3;CDC25C;PRIM1;PLK4;GMNN;RFC5;DNA2;EZH2;TACC3;POLE2;TTK;TMPO;AURKA;KIF22;ECT2;SPDL1;LMNB1;POLA1;RNASEH2B;TUBA1B;INCENP;TMEM14C;SIVA1;CDKN2C","5"
"GOLDRATH_NAIVE_VS_EFF_CD8_TCELL_DN",1e-10,2.04e-09,NA,0.904992163936773,2.06286883242725,123,"DLGAP5;KIF2C;ASPM;TOP2A;AURKB;MKI67;TYMS;TK1;CDK1;CDCA8;BIRC5;ASF1B;CDCA3;UBE2T;CDCA5;CCNA2;CCNB2;KIF11;CENPA;CDC45;NUSAP1;ANLN;CDKN3;NCAPH;BRCA1;KIF4A;TCF19;PRC1;RAD51;MAD2L1;DHFR;MCM10;DTL;CHEK1;NEK2;CDC6;BUB1;STMN1;LIG1;MCM5;CHAF1A;E2F8;RRM1;KIF20A;CCNF;CDC25C;PRIM1;PLK4;GMNN;PCNA;RFC5;EZH2;TACC3;TTK;ACOT7;CARHSP1;AURKA;KIF22;ECT2;POLA1;RNASEH2B;INCENP;TMEM14C","5"
"GSE10239_NAIVE_VS_DAY4.5_EFF_CD8_TCELL_DN",1e-10,2.04e-09,NA,0.849033374358084,1.94111465788242,139,"AURKB;TYMS;TK1;CDCA8;CDCA5;GINS2;CCNA2;CCNB2;MCM4;MELK;PRC1;RAD51;MAD2L1;PBK;DHFR;PLK1;SMC2;ORC6;NEIL3;DTL;BUB1B;CHEK1;FEN1;CCDC34;ORC1;STMN1;GINS1;MCM5;CDC20;E2F8;RRM1;TRIP13;PRIM1;RFC5;ARHGAP11A;BARD1;NUDT1;RFC3;PARPBP;DUT;RFC4;ZNF367;ACOT7;KNTC1;ZWILCH;KIF22;DDX39A;TEX30;WDHD1;LMNB1;NUP37;HMGB2;MAGOHB;LRR1;CKAP2;RANBP1;INCENP;RFWD3;MTFR2;FIGNL1;ASRGL1;SEPHS1;PMVK;RAN;TIPIN","5"
"GSE10239_NAIVE_VS_KLRG1HIGH_EFF_CD8_TCELL_DN",1e-10,2.04e-09,NA,0.830487315190076,1.89295295973698,121,"AURKB;HMMR;TYMS;TK1;CDCA8;RAD51AP1;CDCA5;GINS2;ANLN;MCM4;MELK;KIF4A;PRC1;MAD2L1;PBK;CENPH;NEIL3;CHEK1;NEK2;CCDC34;DTYMK;BRCA2;STMN1;MCM5;CDC20;E2F8;RFC5;BARD1;HIRIP3;TACC3;TTK;SLC43A3;KNTC1;SPAG5;ZWILCH;KIF22;TEX30;SPDL1;NUP37;MAGOHB;LRR1;CKAP2;RANBP1;NCAPD2;INCENP;RFWD3;MTFR2;DCTPP1;NME1;RAD51C;PIF1;ASRGL1;ETFB;ACTL6A;PMVK;TIPIN","5"
"GSE12392_CD8A_POS_VS_NEG_SPLEEN_DC_DN",1e-10,2.04e-09,NA,0.840183722045505,1.91600956478765,124,"TOP2A;MKI67;CDCA8;CDT1;CENPM;CDCA5;RRM2;KIF11;PKMYT1;CDC45;KIF23;ANLN;NCAPH;BRCA1;KIF4A;CENPF;PBK;SHCBP1;DEPDC1B;CENPE;BUB1B;MCM7;FANCI;STMN1;LIG1;TMEM106C;PRR11;E2F8;TRIP13;PRIM1;HIRIP3;PSRC1;RFC2;KNTC1;SAE1;CDCA4;SPAG5;ZWILCH;SMC4;KIF22;WDHD1;CENPP;NCAPD2;INCENP;CEP152;RAD51C;PIF1","5"
"GSE15750_DAY6_VS_DAY10_EFF_CD8_TCELL_UP",1e-10,2.04e-09,NA,0.930717940130046,2.1294081629761,146,"SPC24;KIF2C;SPC25;ASPM;TOP2A;UBE2C;AURKB;HMMR;GTSE1;TK1;CDK1;CDCA8;BIRC5;ASF1B;RAD51AP1;TPX2;CENPW;CENPM;RRM2;GINS2;CKAP2L;MYBL2;CCNB2;DIAPH3;KIF11;CENPA;CDC45;NUSAP1;KIF23;NUF2;NCAPG;ESCO2;CDKN3;NCAPH;BRCA1;MELK;CEP55;MCM2;TCF19;PRC1;RAD51;MAD2L1;PBK;DHFR;SHCBP1;CENPH;PLK1;SKA3;CENPN;SMC2;MCM10;CENPE;NEIL3;BUB1B;POLQ;FEN1;NEK2;CDC6;BUB1;MCM7;NDC80;DSCC1;HELLS;OIP5;STMN1;LIG1;GINS1;MCM5;ATAD5;PRR11;CDC20;MXD3;RRM1;KIF18B;KIF20A;RACGAP1;CDC25C;KNSTRN;SKA1;GMNN;DEPDC1;FBXO5;ARHGAP11A;DNA2;ESPL1;PARPBP;SKA2;TTK;AURKA;KNTC1;STIL;SPAG5;RPA3;KIF22;SPDL1;POLA1;RBBP8;ANP32B;CENPP;RNASEH2B;TUBA1B;LRR1;CKAP2","5"
"GSE15750_DAY6_VS_DAY10_TRAF6KO_EFF_CD8_TCELL_UP",1e-10,2.04e-09,NA,0.938799194886323,2.14983668439226,151,"SPC24;SPC25;ASPM;TOP2A;MND1;UBE2C;AURKB;HMMR;MKI67;GTSE1;TK1;CDK1;BIRC5;RAD51AP1;TPX2;CLSPN;CENPM;CDCA3;CDCA5;RRM2;CKAP2L;CCNA2;MYBL2;CCNB2;CDCA2;CENPA;CDC45;KIF23;NUF2;NCAPG;ESCO2;ANLN;CDKN3;NCAPH;FOXM1;MELK;CEP55;KIF4A;TCF19;CENPF;RAD51;MAD2L1;PBK;DHFR;SHCBP1;CENPH;PLK1;SKA3;CENPN;SMC2;MCM10;CENPE;DTL;BUB1B;CHEK1;FEN1;CDCA7L;NEK2;NCAPG2;CDC6;BUB1;ORC1;STMN1;LIG1;CENPK;PRR11;E2F8;BRIP1;MXD3;RRM1;KIF18B;KIF20A;RACGAP1;CCNF;HMGB3;CDC25C;PRIM1;KNSTRN;SKA1;PCNA;DEPDC1;RFC5;ARHGAP11A;PXMP2;MCM6;DNA2;MCM3;PARPBP;DUT;PSRC1;CBX5;KIF20B;TACC3;FANCD2;TTK;AURKA;STIL;SPAG5;ZWILCH;KIF22;ECT2;SPDL1;POLA1;CENPP;RNASEH2B;HMGB2;TUBA1B;LRR1;CKAP2;INCENP;MTFR2;POLE;TFDP1;PIF1","5"
"GSE15930_NAIVE_VS_72H_IN_VITRO_STIM_IFNAB_CD8_TCELL_DN",1e-10,2.04e-09,NA,0.748187392251091,1.71177403740114,145,"TOP2A;MKI67;CDK1;BIRC5;RAD51AP1;NUSAP1;KIF23;ANLN;NCAPH;BRCA1;MCM2;KIF4A;MAD2L1;CHEK1;BUB1;LIG1;CENPK;MCM5;CDC20;SNRNP25;PLK4;GMNN;RFC5;TUBG1;EZH2;TACC3;RFC4;ACOT7;RFC2;SPAG5;RPA3;DNMT1;LMNB1;RNASEH2B;CKAP2;SIVA1;POLR3K;PAFAH1B3;PRIM2;PDS5B;CKAP5;HSDL2;FDPS;GALK1;TMEM97;MRTO4;PGAM1;SLC37A4;CNTRL;NDUFS6;ACAD9;OLA1;CTPS1;CAPG","5"
"GSE17301_ACD3_ACD28_VS_ACD3_ACD28_AND_IFNA5_STIM_CD8_TCELL_UP",1e-10,2.04e-09,NA,0.882026137237133,1.99567482570137,85,"DLGAP5;KIF2C;ASPM;MKI67;GTSE1;TYMS;TK1;CDK1;ASF1B;TPX2;CLSPN;CENPM;CDCA3;HJURP;RRM2;MYBL2;CCNB2;PKMYT1;NUSAP1;FOXM1;MELK;ORC6;TROAP;POLQ;CIT;ATAD5;MXD3;CCNF;TRIP13;DEPDC1;ESPL1;TRAIP;HADH;RECQL4;NCAPH2;CEP85;NRGN;HMGB2;TUBA1B;HMGN2;CDKN2C;CTNNAL1;HMGB1;DDX11;GSS","5"
"GSE17301_CTRL_VS_48H_ACD3_ACD28_IFNA2_STIM_CD8_TCELL_DN",1e-10,2.04e-09,NA,0.854880569146092,1.93604381304886,89,"GTSE1;TYMS;TK1;CDK1;ASF1B;CLSPN;CENPM;CDCA3;HJURP;RRM2;MYBL2;CCNB2;PKMYT1;NUSAP1;FOXM1;BRCA1;MELK;ORC6;TROAP;CIT;ATAD5;MXD3;CCNF;E2F1;DEPDC1;TRAIP;HADH;RECQL4;PTTG1;NCAPH2;CEP85;RNASEH2B;HMGB2;HMGN2;CDKN2C;CTNNAL1;HMGB1;GSS","5"
"GSE17301_CTRL_VS_48H_ACD3_ACD28_IFNA5_STIM_CD8_TCELL_DN",1e-10,2.04e-09,NA,0.796696085121958,1.81001169577688,102,"TYMS;CDCA3;HJURP;GINS2;CKAP2L;CCNA2;KIF23;RAD51;PBK;CENPN;NEK2;NCAPG2;STMN1;PHF19;PCNA;MIS18A;FBXO5;ESPL1;EZH2;CBX5;FANCG;AURKA;STIL;WDHD1;TUBA1B;NCAPD2;SMC1A","5"
"GSE17812_WT_VS_THPOK_KO_MEMORY_CD8_TCELL_DN",1e-10,2.04e-09,NA,0.816621306022824,1.85810219667685,111,"DLGAP5;SPC25;AURKB;TYMS;TK1;CDK1;TPX2;CCNA2;ESCO2;MCM4;CEP55;CENPF;SMC2;NCAPG2;BUB1;MCM7;STMN1;CCNF;PLK4;APOBEC3B;ATAD2;NRM;TTK;PAICS;AURKA;RFC2;SPAG5;TOPBP1;TFDP1;DEK;FIGNL1;CHTF18;SLBP;HAT1;SNX10;SLC25A39","5"
"GSE22886_UNSTIM_VS_IL15_STIM_NKCELL_DN",1e-10,2.04e-09,NA,0.754542225533323,1.73109031043101,167,"CDT1;RAD51AP1;GINS2;CDC45;MCM4;MCM2;PRC1;MAD2L1;PBK;MCM10;DTL;FEN1;CDC6;ORC1;MCM7;MCM5;CDC20;TRIP13;GMNN;PCNA;DNAJC9;RFC5;CDK2;MCM6;TUBG1;RFC4;USP1;PAICS;CDK4;RPA3;PSMC3;SMC4;DNMT1;PRDX3;SUV39H2;TEX30;MTHFD1;RBBP8;NUP37;TUBA1B;POLD2;RANBP1;BLM;TOPBP1;DCTPP1;NME1;TFDP1;LMNB2;POLR3K;CTNNAL1;GGCT;RAN;CSE1L;DONSON;MSH6;TIPIN;HDAC2;STOML2;HNRNPAB;PSMD14;COPS3;POLD1;ENO1;HAT1;HMGXB4;SHMT2;GLRX3;EBNA1BP2;TMEM97;WDR1;NUTF2;CCT2;SLC1A4;POLR2H;FH;SNRPG;NASP;MCUR1;CTPS1;MTCH2;IPO7;STIP1;SNRPB;HSPA14;CCT5;EIF2S1;VDAC1;PA2G4;CKS2;PSMB5","5"
"GSE22886_UNSTIM_VS_IL2_STIM_NKCELL_DN",1e-10,2.04e-09,NA,0.75508163795172,1.72962575894778,153,"HMMR;CDT1;GINS2;CDC45;MCM4;MCM2;PRC1;SHCBP1;MCM10;CHEK1;FEN1;CDC6;MCM7;BRCA2;CDC20;TRIP13;GMNN;PCNA;DNAJC9;MCM6;ESPL1;TUBG1;RFC4;PAICS;CDK4;CDCA4;IMPDH2;RPA3;DDX39A;PRDX3;TEX30;MTHFD1;TUBA1B;POLD2;RANBP1;BLM;DCTPP1;NME1;TFDP1;LMNB2;GGCT;RAN;GINS3;CSE1L;DONSON;TP53;TIPIN;MLH1;STOML2;HNRNPAB;PSMD14;COPS3;NUP93;ENO1;PSMD1;TUBA1C;FABP5;SHMT2;NUP107;DKC1;EBNA1BP2;TMEM97;PRPF4;WDR1;PKM;CCT2;SMARCB1;POLR2H;CLN6;NASP;MCUR1;CSNK2B;RAD23A;CTPS1;IPO7;STIP1;SNRPB;EIF2S1;PA2G4;CKS2;PSMB5","5"
"GSE23568_CTRL_VS_ID3_TRANSDUCED_CD8_TCELL_DN",1e-10,2.04e-09,NA,0.872163544019559,1.99066117820031,129,"TOP2A;AURKB;CDK1;CDCA8;CDT1;BIRC5;ASF1B;CDCA3;CDCA5;RRM2;CCNA2;MYBL2;CCNB2;DIAPH3;KIF11;CDC45;NUSAP1;KIF23;ANLN;NCAPH;BRCA1;MCM2;KIF4A;PRC1;RAD51;MAD2L1;DHFR;MCM10;ORC6;CENPE;DTL;CHEK1;NEK2;CDC6;ORC1;MCM7;BRCA2;STMN1;CENPK;CDC20;E2F8;RACGAP1;CDC25C;E2F1;RFC5;NUDT1;CBX5;TTK;AURKA;KIF22;ECT2;CKAP2;RANBP1;NUCB2;BLM;TFDP1;CCDC28B;POLR3K;NDUFB6;AHCY;TIPIN","5"
"GSE23568_ID3_KO_VS_WT_CD8_TCELL_UP",1e-10,2.04e-09,NA,0.832247365898723,1.90218810218438,136,"DLGAP5;ASPM;TOP2A;MKI67;CDK1;CDCA8;CDT1;BIRC5;ASF1B;CDCA5;CCNB2;KIF11;NUSAP1;ANLN;NCAPH;TCF19;MAD2L1;DHFR;ORC6;DTL;CHEK1;NEK2;CDC6;BUB1;DTYMK;MCM7;STMN1;LIG1;CENPK;CDC20;RACGAP1;TRIP13;HMGB3;RFC5;NUDT1;RFC3;CBX5;TACC3;TTK;AURKA;RFC2;PTTG1;NRGN;LMNB1;POLA1;HMGB2;POLD2;BLM;TFDP1;CCDC28B;CHEK2;POLR3K;IMPA2","5"
"GSE28726_NAIVE_CD4_TCELL_VS_NAIVE_VA24NEG_NKTCELL_UP",1e-10,2.04e-09,NA,0.813835882739626,1.86367249281702,151,"KIF2C;TOP2A;HMMR;TYMS;TK1;CDK1;CDT1;RAD51AP1;TPX2;RRM2;CCNA2;MYBL2;CCNB2;KIF11;CDC45;CDKN3;MCM4;NCAPH;MCM2;CENPF;DHFR;SMC2;BUB1B;NEK2;CDC6;FANCI;NDC80;TMEM106C;PRIM1;CCNB1;ESPL1;RFC3;MCM3;TUBG1;EZH2;POLE2;TIMELESS;TTK;ACOT7;PAICS;AURKA;CDK4;PTTG1;IMPDH2;RPA3;PHGDH;PRDX3;MTHFD1;TTF2;RUVBL2;TUBA1B;POLD2;NCAPD2;NME1;AHCY;TP53;ECI1;ENO1;EIF4EBP1;ARHGAP19;SERPINE2;GALK1;FABP5;SLC29A1;SHMT2;HSD17B10;EBNA1BP2;COX8A;PKM","5"
"GSE30962_ACUTE_VS_CHRONIC_LCMV_PRIMARY_INF_CD8_TCELL_DN",1e-10,2.04e-09,NA,0.777575891570002,1.7756440002827,131,"SPC25;CCNA2;CCNB2;DIAPH3;MELK;KIF4A;RAD51;MAD2L1;SHCBP1;DTL;CHEK1;FEN1;NEK2;NCAPG2;CDC6;BUB1;HELLS;CENPK;ATAD5;PAQR4;TRIP13;XRCC2;HMGB3;KNSTRN;PLK4;PSMC3IP;ARHGAP11A;DUT;FANCD2;RFC4;SPAG5;KIF22;NRGN;CENPP;RNASEH2B;CKAP2;RANBP1;BLM;TFDP1;FIGNL1;SMCO4;GMPS;MIS18BP1","5"
"GSE30962_ACUTE_VS_CHRONIC_LCMV_SECONDARY_INF_CD8_TCELL_DN",1e-10,2.04e-09,NA,0.839510055541171,1.91360676599863,123,"SPC25;TOP2A;TYMS;TK1;BIRC5;RAD51AP1;TPX2;CLSPN;RRM2;CKAP2L;ESCO2;CDKN3;BRCA1;PRC1;RAD51;PBK;DHFR;SHCBP1;CENPH;SMC2;MCM10;CENPE;DTL;DSCC1;HELLS;STMN1;GINS1;PAQR4;RRM1;HMGB3;PLK4;E2F1;ARHGAP11A;BARD1;DUT;EZH2;KIF20B;TACC3;ZNF367;ZWILCH;KIF22","5"
"GSE30962_PRIMARY_VS_SECONDARY_ACUTE_LCMV_INF_CD8_TCELL_UP",1e-10,2.04e-09,NA,0.913470620826982,2.08783231744528,136,"SPC24;DLGAP5;SPC25;ASPM;TOP2A;MND1;AURKB;TK1;BIRC5;ASF1B;CLSPN;CDCA3;HJURP;CDCA5;RRM2;CKAP2L;CCNA2;CCNB2;CENPA;PKMYT1;CDC45;NUSAP1;KIF23;NUF2;ESCO2;NCAPH;BRCA1;MELK;CEP55;KIF4A;CENPF;RAD51;SHCBP1;CENPN;SMC2;MCM10;CENPE;NEIL3;BUB1B;NEK2;NCAPG2;CDC6;BUB1;CIT;NDC80;DSCC1;STMN1;LIG1;GINS1;CENPK;MCM5;PAQR4;E2F8;BRIP1;MXD3;RRM1;KIF18B;KIF20A;CCNF;TRIP13;XRCC2;SKA1;PLK4;GMNN;FBXO5;ARHGAP11A;ESPL1;MCM3;PARPBP;EZH2;KIF20B;TTK;TMPO;STIL;SPAG5;KIF22;CENPP;HMGB2;NCAPD2;PPIH;MTFR2;POLE;SIVA1;PIF1;FIGNL1","5"
"GSE33424_CD161_HIGH_VS_NEG_CD8_TCELL_DN",1e-10,2.04e-09,NA,0.833239572062562,1.88926890447348,95,"TOP2A;CDK1;CDCA8;BIRC5;CDCA3;CCNA2;MYBL2;CCNB2;NUSAP1;ANLN;BRCA1;MCM2;PRC1;RAD51;MAD2L1;CHEK1;CIT;MCM7;STMN1;CENPK;CDC20;RACGAP1;CDC25C;PCNA;RFC5;NUDT1;EZH2;KIF22;CKAP2;RANBP1;SSRP1","5"
"GSE33425_CD8_ALPHAALPHA_VS_ALPHABETA_CD161_HIGH_TCELL_DN",1e-10,2.04e-09,NA,0.797233705240903,1.81686739763355,118,"ASPM;TOP2A;MKI67;CDK1;BIRC5;ASF1B;CDCA5;CDC45;KIF23;ANLN;NCAPH;MCM2;PRC1;DHFR;CDC6;DTYMK;MCM7;STMN1;CENPK;PRIM1;RFC5;NUDT1;EZH2;TTK;PTTG1;SMC4;DNMT1;NRGN;LMNB1;POLA1;POLD2;RANBP1;BLM;SSRP1;IMPA2;RPA1;SASS6","5"
"GSE39110_DAY3_VS_DAY6_POST_IMMUNIZATION_CD8_TCELL_DN",1e-10,2.04e-09,NA,0.905483767224033,2.06337034696642,120,"SPC24;KIF2C;SPC25;ASPM;TOP2A;MND1;UBE2C;CDK1;BIRC5;RAD51AP1;TPX2;CLSPN;CDCA5;CCNA2;MYBL2;CCNB2;KIF11;NUSAP1;NUF2;ESCO2;ANLN;FOXM1;MELK;CEP55;KIF4A;CENPF;PBK;DHFR;SHCBP1;PLK1;SKA3;DEPDC1B;MCM10;CENPE;DTL;CHEK1;FEN1;NEK2;CDC6;BUB1;POC1A;CIT;STMN1;LIG1;PRR11;CDC20;E2F8;KIF18B;KIF20A;RACGAP1;CCNF;TRIP13;CDC25C;SKA1;GMNN;PXMP2;DNA2;PARPBP;TUBG1;FANCD2;RECQL4;TTK;PAICS;DDIAS;AURKA;STIL;KIF22;LRR1;CKAP2;CDKN2C;FIGNL1;SCCPDH;CCDC18;MMS22L;GMPS;AHCY","5"
"GSE39110_DAY3_VS_DAY6_POST_IMMUNIZATION_CD8_TCELL_WITH_IL2_TREATMENT_UP",1e-10,2.04e-09,NA,0.865663124649569,1.9724568737625,117,"SPC24;SPC25;MND1;TK1;CDK1;ASF1B;RAD51AP1;TPX2;CCNA2;DIAPH3;KIF11;CDC45;ANLN;MELK;PRC1;MAD2L1;SHCBP1;CENPH;PLK1;DEPDC1B;DTL;BUB1B;CHEK1;NEK2;NCAPG2;CDC6;POC1A;NDC80;BRIP1;MXD3;RRM1;SKA1;FBXO5;ARHGAP11A;DNA2;DUT;TACC3;FANCD2;PAICS;AURKA;CHAF1B;STIL;RBBP8;SAPCD2;NCAPD2;PIF1;SCCPDH;UQCC2;CCDC18;MIS18BP1;BRI3BP;AHCY","5"
"GSE39110_UNTREATED_VS_IL2_TREATED_CD8_TCELL_DAY3_POST_IMMUNIZATION_DN",1e-10,2.04e-09,NA,0.800209013742667,1.8240226818057,123,"HMMR;TYMS;RAD51AP1;UBE2T;GINS2;CKAP2L;CDC45;FOXM1;MELK;DEPDC1B;CENPN;ORC6;CHEK1;BUB1;POC1A;CIT;E2F8;BRIP1;KIF18B;HMGB3;SNRNP25;CDC25C;KNSTRN;PCNA;FBXO5;DNA2;KIF20B;TMPO;CARHSP1;STIL;KIF18A;LRR1;BLM;INCENP;POLE;PIF1;FIGNL1;PRELID2;CCDC18;PMVK;THOC6;RPA1;FAM111A;PSMD14;NUP93","5"
"GSE39556_CD8A_DC_VS_NK_CELL_MOUSE_3H_POST_POLYIC_INJ_UP",1e-10,2.04e-09,NA,0.888456487741694,2.03668288459051,157,"DLGAP5;KIF2C;ZWINT;TOP2A;HMMR;GTSE1;TK1;CDK1;RAD51AP1;TPX2;KIF14;RRM2;CCNA2;CCNB2;KIF11;CENPA;PKMYT1;CDC45;KIF23;GGH;CDKN3;NCAPH;FOXM1;BRCA1;MELK;DHFR;TROAP;CENPE;BUB1B;CHEK1;NEK2;CDC6;BUB1;DTYMK;CIT;FANCI;NDC80;OIP5;LIG1;GINS1;TMEM106C;CDC20;RNASEH2A;CHAF1A;RRM1;CCNF;TRIP13;XRCC2;HMGB3;CDC25C;PRIM1;PLK4;APOBEC3B;CCNB1;RFC5;ARHGAP11A;CDK2;BARD1;DNA2;NUDT1;ESPL1;RFC3;HADH;TUBG1;KIF20B;POLE2;TIMELESS;RFC4;TTK;TMPO;ACOT7;PAICS;FANCG;AURKA;GPSM2;KNTC1;STIL;SPAG5;PHGDH;SMC4;KIF22;NRGN;MTHFD1;POLA1;CCNE2;RBBP8;NCAPD3;VRK1;PARP2;POP7;HPRT1;BLM;ACAT2;POLE;CDKN2C;FANCL;CHEK2;NET1;CTNNAL1;GMPS;CSE1L;PRIM2;SMC3;SLBP;COQ2;PRPS2;PRPSAP1;HMGXB4;ARHGAP19;HLTF;LAGE3;SLC29A1;SKP2","5"
"GSE39556_UNTREATED_VS_3H_POLYIC_INJ_MOUSE_NK_CELL_UP",1e-10,2.04e-09,NA,0.82375135596876,1.87163365715685,104,"DLGAP5;RAD51AP1;KIF14;RRM2;CDC45;FOXM1;BRCA1;MELK;BUB1B;NEK2;BUB1;FANCI;OIP5;RRM1;CCNF;HMGB3;CDC25C;PRIM1;PLK4;APOBEC3B;ARHGAP11A;CDK2;BARD1;DNA2;ESPL1;RFC3;KIF20B;TTK;TMPO;ITGB3BP;STIL;SHMT1;SPAG5;NRGN;POLA1;CCNE2;NCAPD3;BLM;CDKN2C;PMM1;CD38;CHEK2;PRIM2;POLD1;ARHGAP19;RALY;ACAA2","5"
"GSE3982_NKCELL_VS_TH1_DN",1e-10,2.04e-09,NA,0.791568529945472,1.8056064176516,126,"KIF2C;UBE2C;BIRC5;TPX2;RRM2;GINS2;CCNB2;KIF11;CENPA;NCAPG;RAD51;SMC2;NEK2;NCAPG2;HELLS;MCM5;TMEM106C;E2F8;RRM1;HMGB3;SNRNP25;PRIM1;SKA1;GMNN;DEPDC1;PXMP2;ESPL1;TUBG1;KIF20B;POLE2;RECQL4;ACOT7;PAICS;AURKA;PTTG1;MSH2;PHGDH;NUP37;GLO1;BLM;TFDP1;POLR3K;GGCT;MIS18BP1;CBR3;POLD3;ECI1;OXCT1;CKAP5;OAS3;PARP1;YWHAH;FABP5;GINS4;PDCD5;CDKN2A;CD59;SNRPD3;POP4;NASP;MCUR1;RAB11A;C1QBP;CLNS1A;ARL3;CKS2;CDC123;PSMB5;ERH;PPA1;ANXA5;LAS1L;TSPAN13;SSR3;TRNAU1AP;TST","5"
"GSE3982_NKCELL_VS_TH2_DN",1e-10,2.04e-09,NA,0.781210658795994,1.78306665203447,129,"KIF2C;TYMS;BIRC5;RRM2;GINS2;CCNA2;CCNB2;KIF11;CENPA;NUSAP1;NCAPG;RAD51;SMC2;DTL;NCAPG2;FANCI;MCM5;TMEM106C;RRM1;KIF18B;KIF20A;GMNN;PCNA;ATAD2;POLA2;ESPL1;KIF20B;POLE2;RFC4;ACOT7;AURKA;STIL;PTTG1;MSH2;KIF18A;PRDX3;RBBP8;CKAP2;NCAPD2;TFDP1;GGCT;MIS18BP1;TIPIN;COPS3;RTCB;PRPS2;SNRPE;LAGE3;NUDT21;GINS4;EPAS1;NDUFB3;PDCD5;TSN;SNRPD3;SNRPG;NASP","5"
"GSE40666_WT_VS_STAT1_KO_CD8_TCELL_WITH_IFNA_STIM_90MIN_DN",1e-10,2.04e-09,NA,0.873461898013513,1.9860896932827,109,"SPC25;TOP2A;TK1;CDK1;CDCA8;BIRC5;ASF1B;CLSPN;CENPW;CENPM;CDCA5;RRM2;CKAP2L;MCM4;MELK;TCF19;MAD2L1;DHFR;SHCBP1;SMC2;MCM10;CHEK1;NCAPG2;CDC6;NDC80;DSCC1;HELLS;BRCA2;OIP5;LIG1;CENPK;MCM5;ATAD5;PRR11;TRIP13;E2F1;GMNN;PCNA;CDK2;RFC3;EZH2;RFC4;RFC2;KNTC1;ZWILCH;ECT2;CENPP;LRR1;BLM;POLE","5"
"GSE7764_IL15_TREATED_VS_CTRL_NK_CELL_24H_UP",1e-10,2.04e-09,NA,0.782857505636375,1.78927864296419,138,"ZWINT;TOP2A;UBE2C;TYMS;BIRC5;ASF1B;CLSPN;CKAP2L;CCNA2;MYBL2;CDCA2;CDC45;NUSAP1;NCAPG;BRCA1;CENPF;DEPDC1B;NEK2;CDC6;CIT;HELLS;ATAD5;E2F8;CDC25C;PLK4;ATAD2;ARHGAP11A;DNA2;MCM3;EZH2;KIF20B;AURKA;GPSM2;SAE1;ZWILCH;PARP2;MAGOHB;TIMM10;LSM5;CDKN2C;HAUS1;FAM111A;GSTCD;THYN1;ILF2;RCC2;TSPAN4;SLC29A1;DKC1;MASTL;TMEM97;PKM","5"
"GSE9650_EFFECTOR_VS_MEMORY_CD8_TCELL_UP",1e-10,2.04e-09,NA,0.780933987900056,1.77955264566607,120,"TOP2A;AURKB;MKI67;CDK1;CDCA8;BIRC5;CDCA3;CDCA5;CCNA2;CCNB2;KIF23;ANLN;NCAPH;PRC1;DTL;BUB1;E2F8;RRM1;CCNF;CDC25C;CDK2;TACC3;TTK;ACOT7;CARHSP1;AURKA;KIF22;HMGB2;CDKN2C;MIS18BP1;NDUFB6;PRIM2;CD9;ARL6IP4;SNX10;SERPINE2","5"
"KAECH_DAY8_EFF_VS_DAY15_EFF_CD8_TCELL_UP",1e-10,2.04e-09,NA,0.773547728518734,1.7680239625284,136,"DLGAP5;TOP2A;MKI67;TYMS;CDK1;BIRC5;ASF1B;CDCA5;RRM2;CCNB2;KIF11;CDC45;NUSAP1;GGH;NCAPH;KIF4A;TCF19;PRC1;STMN1;LIG1;MCM5;CDC20;E2F8;RRM1;RACGAP1;CDC25C;NUDT1;TACC3;ACOT7;KIF22;SPDL1;LMNB1;RNASEH2B;HMGB2;MYCBP;CDKN2C;PMM1;ETFB;NDUFB6;PRIM2","5"
"KAECH_DAY8_EFF_VS_MEMORY_CD8_TCELL_UP",1e-10,2.04e-09,NA,0.844654449482878,1.92932604872012,134,"DLGAP5;KIF2C;TOP2A;MKI67;GTSE1;TYMS;CDK1;BIRC5;ASF1B;CDCA5;RRM2;CCNA2;CCNB2;KIF11;CENPA;CDC45;NUSAP1;CDKN3;NCAPH;BRCA1;KIF4A;TCF19;PRC1;MAD2L1;CDC6;BUB1;STMN1;CDC20;CHAF1A;RRM1;RACGAP1;CCNF;CDC25C;PLK4;CDK2;EZH2;TACC3;CARHSP1;KIF22;LMNB1;RNASEH2B;HMGB2","5"
"KAECH_NAIVE_VS_DAY8_EFF_CD8_TCELL_DN",1e-10,2.04e-09,NA,0.802253264270367,1.82951048370928,124,"DLGAP5;KIF2C;TOP2A;MKI67;TYMS;CDK1;BIRC5;CDCA5;RRM2;CCNB2;KIF11;NUSAP1;GGH;CDKN3;NCAPH;TCF19;PRC1;STMN1;LIG1;CDC20;E2F8;RACGAP1;CDC25C;TACC3;ACOT7;CARHSP1;PTTG1;KIF22;HMGB2","5"
"GSE15930_NAIVE_VS_72H_IN_VITRO_STIM_CD8_TCELL_DN",1.05199252629787e-10,2.0864518438241e-09,0.839088935621274,0.752320458277631,1.72082516706321,144,"TOP2A;MKI67;CDK1;BIRC5;CCNB2;CENPA;NUSAP1;KIF23;ANLN;NCAPH;BRCA1;KIF4A;MAD2L1;BUB1;STMN1;CENPK;CDC20;RACGAP1;SNRNP25;PLK4;GMNN;RFC5;TUBG1;EZH2;TACC3;RFC4;TMPO;ACOT7;AURKA;RFC2;RPA3;DNMT1;LMNB1;RNASEH2B;CKAP2;SIVA1;PMM1;POLR3K;PAFAH1B3;PRIM2;PDS5B;CKAP5;HSDL2;FDPS;GALK1","5"
"GSE10239_NAIVE_VS_KLRG1INT_EFF_CD8_TCELL_DN",2.95400317949749e-10,5.619364892549e-09,0.814035837847908,0.775601767432116,1.76385090457941,110,"AURKB;TYMS;CCNA2;KIF11;ANLN;PRC1;RAD51;MAD2L1;PBK;DHFR;CENPH;SKA3;CHEK1;NEK2;STMN1;LIG1;E2F8;KIF18B;PLK4;RFC5;BARD1;POLA2;TACC3;SLC43A3;RFC2;KIF22;TEX30;CENPP;RANBP1;INCENP;RFWD3;MTFR2;NME1;POLE;RAD51C;PIF1;SCCPDH;ASRGL1;ETFB;HAUS1;SNX10;ARHGAP19;BANF1;PSMB2;NUDT5;LZIC;PDCD5;CMSS1;SLC1A4;UCHL3;YIF1B;WEE1","5"
"GSE5142_HTERT_TRANSDUCED_VS_CTRL_CD8_TCELL_LATE_PASSAGE_CLONE_UP",2.99069840219695e-10,5.619364892549e-09,0.814035837847908,0.752500292828027,1.72041452383854,139,"TOP2A;MKI67;GTSE1;TYMS;CDCA5;RRM2;GINS2;CCNA2;KIF23;NCAPH;PBK;DEPDC1B;CENPN;CCDC34;DTYMK;DSCC1;BRCA2;STMN1;E2F8;KIF18B;PRIM1;KNSTRN;GMNN;DSN1;HIRIP3;CBX5;E2F2;ZNF367;DDIAS;ITGB3BP;DDX39A;TTF2;POLA1;RANBP1;SNRPD1;LMNB2;PMVK;RAN;AHCY;LSM3;PMF1;PSMD14;FDPS;FABP5;ZGRF1;SHMT2;GCSH;COX5A;NUP107;DKC1;MASTL;POLR2I;BORA;FH;FUCA2;MCM8","5"
"GSE39556_CD8A_DC_VS_NK_CELL_UP",3.43104146337109e-10,6.28144514063322e-09,0.814035837847908,0.779251174702848,1.77176310177607,106,"KIF2C;UBE2C;TK1;CDK1;CCNA2;KIF11;KIF23;GGH;NCAPH;FOXM1;CENPF;CHEK1;CIT;GINS1;TMEM106C;TRIP13;NUDT1;DUT;POLE2;RFC4;TTK;PAICS;FANCG;IMPDH2;MTHFD1;HPRT1;NME1;POLE;FANCL;NET1;ETFB;GMPS;CSE1L;GSS","5"
"GSE10239_MEMORY_VS_KLRG1HIGH_EFF_CD8_TCELL_DN",4.88173024364224e-10,8.7138884849014e-09,0.801215574617779,0.745896385390074,1.70613102153211,144,"AURKB;TK1;ASF1B;CENPA;KIF23;ANLN;MCM4;NCAPH;MCM2;CENPF;PRC1;DEPDC1B;BUB1B;CCDC34;CDC20;CDC25C;MIS18A;RFC5;E2F2;SLC43A3;GPSM2;CDCA4;KIF22;SPDL1;RNASEH2B;DNPH1;MYCBP;LRR1;DCTPP1;RAD51C;ACTL6A;GINS3;PDS5B;SLBP;MTHFD1L;RTN3;CBX3;RAD21;SNX10","5"
"GSE15930_NAIVE_VS_72H_IN_VITRO_STIM_TRICHOSTATINA_CD8_TCELL_DN",7.26831743593838e-10,1.26575089006342e-08,0.801215574617779,0.743613790333836,1.7005210011427,143,"TOP2A;MKI67;CDK1;BIRC5;RAD51AP1;NUSAP1;KIF23;NCAPH;BRCA1;MCM2;MAD2L1;ORC6;BUB1;LIG1;CENPK;MCM5;CDC20;RRM1;SNRNP25;GMNN;RFC5;TUBG1;EZH2;TACC3;RFC4;ACOT7;RFC2;CHAF1B;RPA3;DNMT1;LMNB1;RNASEH2B;POLD2;CKAP2;INCENP;DCTPP1;SIVA1;PMM1;ETFB;POLR3K;PRIM2;PDS5B;CKAP5;HAT1;FDPS;GALK1;TMEM109;GCSH;TMEM97;MRTO4;INO80E;PGAM1;NDUFS6;ACAD9;OLA1;CTPS1","5"
"GSE10239_MEMORY_VS_KLRG1INT_EFF_CD8_TCELL_DN",9.76369508716566e-10,1.65982816481816e-08,0.788186810800237,0.749285866623913,1.71148893053295,134,"KIF2C;AURKB;CDK1;CDCA2;CENPA;CDC45;ANLN;CENPF;CENPH;SKA3;DEPDC1B;BUB1B;KIF20A;CCNF;HMGB3;CDC25C;PLK4;GMNN;MIS18A;RFC5;CDK2;ESPL1;SLC43A3;GPSM2;KIF22;CEP85;TEX30;HMGB2;MYCBP;RFWD3;TOPBP1;RAD51C;CHEK2;ACTL6A;GINS3;SLBP;MTHFD1L;RTN3","5"
"GSE2585_CD80_HIGH_VS_LOW_AIRE_KO_MTEC_DN",2.09324431147357e-09,3.47575915905146e-08,0.774939030136436,0.843570446748698,1.88505069848002,56,"TOP2A;TK1;TPX2;CLSPN;MYBL2;NCAPH;BRCA1;RAD51;PBK;CENPH;NEK2;BUB1;E2F2;RECQL4;TIMELESS;AURKA;SPAG5;CAMK1;ECT2;ARHGAP33;IMPA2","5"
"GSE20754_WT_VS_TCF1_KO_MEMORY_CD8_TCELL_DN",3.34955870244032e-09,5.43542025805089e-08,0.774939030136436,0.75975938814431,1.7311498952407,117,"ASPM;AURKB;CDT1;CLSPN;HJURP;CDCA5;RRM2;CENPU;PRC1;DEPDC1B;HELLS;MCM5;GMNN;PCNA;MIS18A;ATAD2;ARHGAP11A;DNA2;HIRIP3;PARPBP;EZH2;TMPO;TTF2;UNG;NCAPD3;TUBA1B;BLM;FIGNL1;CEP57L1;SEPHS1","5"
"GSE7460_CD8_TCELL_VS_TREG_ACT_DN",6.49236756470901e-09,1.03012232026716e-07,0.761460801445585,0.736751910342595,1.68241445505358,132,"AURKB;CENPM;CDCA3;GINS2;NUSAP1;ANLN;MCM4;NCAPH;MELK;DHFR;SKA3;BUB1B;NEK2;MCM7;NDC80;RFC5;ARHGAP11A;MCM3;TACC3;TIMELESS;AURKA;SAE1;CDK4;SPAG5;KIF18A;NUP37;VRK1;MTFR2;CEP57L1;HAUS1;GMPS;CSE1L;TIPIN;SMC3;PDS5B;PMF1;COQ2;NUP93","5"
"GSE17301_IFNA2_VS_IFNA5_STIM_ACD3_ACD28_ACT_CD8_TCELL_DN",7.2561584821613e-09,1.12628199049199e-07,0.761460801445585,0.777830701314569,1.76313616977406,94,"TOP2A;CDCA3;KIF14;CCNA2;SHCBP1;POLQ;CIT;MCM7;NDC80;ATAD5;BRIP1;SNRNP25;SKA1;GMNN;DSN1;PXMP2;HIRIP3;TRAIP;RFC3;MCM3;RFC4;TTK;SLC43A3;CHAF1B;MTHFD1;POLA1;TPGS2;POLD2;SMS;GLO1;RAN;IMPA2;GINS3;DDX11;POLD1;ENO1;SNRPF;SKP2;PSMB2;PRKDC;GINS4;KLHDC3;NDUFB3;SNRPA1","5"
"GSE31082_CD4_VS_CD8_SP_THYMOCYTE_DN",8.01995093132713e-09,1.21834999254629e-07,0.747739663149885,0.773554343554527,1.7543544603425,96,"CDT1;CENPW;CENPM;GINS2;DHFR;CENPH;FEN1;CDC6;HELLS;RMI2;GINS1;MXD3;SAC3D1;MCM6;TUBG1;TIMELESS;RFC4;RFC2;RNASEH2B;RANBP1;HAUS8;BLM;MTFR2;DEK;SNRPD1;SMC1A;PIDD1;HMGB1;FAM111A;MTHFD1L;SF3A2;CENPQ;EIF4EBP1;PRADC1;NUP107;KLHDC3;TMEM97","5"
"GSE33424_CD161_HIGH_VS_INT_CD8_TCELL_DN",1.21503527333951e-08,1.80736496909252e-07,0.747739663149885,0.761495380121252,1.72959153729996,101,"TOP2A;CDK1;CDCA3;CCNA2;MYBL2;CCNB2;DIAPH3;NUSAP1;NCAPH;MCM2;RAD51;ORC6;CHEK1;STMN1;CDC20;KIF20A;RACGAP1;CDC25C;NUDT1;EZH2;KIF22;TUBA1B;CKAP2;RANBP1","5"
"GSE15930_NAIVE_VS_24H_IN_VITRO_STIM_CD8_TCELL_DN",3.24229886584558e-08,4.72449263308927e-07,0.719512826338911,0.714062139284721,1.6356645527052,153,"TOP2A;MKI67;CDK1;BIRC5;RAD51AP1;NUSAP1;KIF23;ANLN;BRCA1;MCM2;MAD2L1;ORC6;LIG1;CENPK;MCM5;CDC20;RRM1;TRIP13;PLK4;GMNN;RFC5;NUDT1;TUBG1;EZH2;TACC3;RFC4;ACOT7;RFC2;RPA3;LMNB1;RNASEH2B;POLD2;CKAP2;DCTPP1;SIVA1;POLR3K;POLD3;PRIM2;PDS5B;CKAP5;GALK1;GCSH;TMEM97;MRTO4;INO80E;PGAM1;NDUFS6;ACAD9;OLA1;CTPS1;PHTF2;CBX1;NDUFAF4;DCK;SAAL1;PPA1;RCC1;RRP1B;JAGN1;CINP;CCT6A","5"
"GSE14699_DELETIONAL_TOLERANCE_VS_ACTIVATED_CD8_TCELL_DN",4.71950424135659e-08,6.73945205665721e-07,0.719512826338911,0.735600853575467,1.67640831006866,118,"ASF1B;RAD51AP1;GGH;PBK;ORC6;TROAP;CCDC34;DSCC1;MXD3;DEPDC1;FBXO5;PSMC3IP;NUDT1;HIRIP3;RFC3;ACOT7;CARHSP1;AURKA;KIF22;DDX39A;TEX30;SPDL1;NUP37;CENPP;HMGN2;HPRT1;RANBP1;RBBP7;NME1;TFDP1;SIVA1;CDKN2C;PMM1;FIGNL1;ETFB;POLR3K;RAN;MIS18BP1;LSM3;PRIM2;CALM3;SNX10;SERPINE2;FAM136A;PSMB2;EPAS1;ANAPC15;SNRPA1;PGAM1;TIMM23;NDUFS6;SYPL1;TXNDC17;COMMD3;VDAC3;ERH;RPA2;DCK;PPA1;PSMA5","5"
"GSE17301_ACD3_ACD28_VS_ACD3_ACD28_AND_IFNA2_STIM_CD8_TCELL_UP",5.47126540298199e-08,7.65977156417478e-07,0.719512826338911,0.751425246155821,1.70671914839156,101,"SPC25;TOP2A;TK1;NCAPH;BRCA1;BUB1;STMN1;ATAD5;BRIP1;PLK4;DEPDC1;DNAJC9;PXMP2;TRAIP;MCM3;TUBG1;EZH2;RFC4;SLC43A3;CARHSP1;AURKA;ZWILCH;KIF18A;CCNE2;HMGB2;POLD2;ACYP1;GLO1;POLE;IDH2;SCCPDH;SMCO4;ARHGAP33;MSH6;SNRPA;POLD1","5"
"GSE15324_ELF4_KO_VS_WT_NAIVE_CD8_TCELL_UP",7.14470973871132e-08,9.81023606430747e-07,0.704975715167238,0.821351429253388,1.82364929000698,49,"SPC25;ASPM;UBE2C;HMMR;CDCA8;BIRC5;RRM2;CCNB2;CENPK;DNA2","5"
"GSE41978_WT_VS_ID2_KO_AND_BIM_KO_KLRG1_LOW_EFFECTOR_CD8_TCELL_UP",1.27585325863757e-07,1.71879099371174e-06,0.690132458796796,0.765342893117901,1.73289938098348,88,"DLGAP5;UBE2C;BIRC5;ASF1B;CENPM;CDCA5;CCNA2;TCF19;NEIL3;STMN1;CENPK;PRIM1;DNAJC9;TIMELESS;KIF18A;DNPH1;DPM2;RFWD3;SEPHS1;HAUS1;BUD13","5"
"GSE15930_NAIVE_VS_24H_IN_VITRO_STIM_IL12_CD8_TCELL_DN",1.80073007008553e-07,2.38096531489087e-06,0.690132458796796,0.708992359912347,1.6225471199539,147,"TOP2A;MKI67;CDK1;BIRC5;RAD51AP1;KIF23;ANLN;BRCA1;MCM2;MAD2L1;ORC6;LIG1;CENPK;MCM5;CDC20;RRM1;TRIP13;PLK4;GMNN;RFC5;NUDT1;TUBG1;TACC3;RFC4;ACOT7;RFC2;RPA3;LMNB1;RNASEH2B;POLD2;CKAP2;DCTPP1;SIVA1;POLR3K;POLD3;PRIM2;PDS5B;CKAP5;GALK1;TMEM109;GCSH;TMEM97;MRTO4;INO80E;PGAM1;NDUFS6;ACAD9;OLA1;CTPS1;PLSCR1;NDUFAF4;DCK;SAAL1;PPA1;RCC1;RRP1B;JAGN1;CINP;CCT6A","5"
"GSE15930_NAIVE_VS_24H_IN_VITRO_STIM_INFAB_CD8_TCELL_DN",1.96295379720505e-07,2.54827092946255e-06,0.690132458796796,0.700793392111956,1.6052705320517,153,"TOP2A;MKI67;CDK1;BIRC5;RAD51AP1;KIF23;ANLN;BRCA1;MCM2;MAD2L1;ORC6;LIG1;CENPK;MCM5;RRM1;TRIP13;PLK4;GMNN;RFC5;NUDT1;TUBG1;EZH2;TACC3;RFC4;ACOT7;RFC2;RPA3;DNMT1;LMNB1;CCNE2;RNASEH2B;DCTPP1;SIVA1;POLR3K;POLD3;PRIM2;PDS5B;CKAP5;GALK1;GCSH;TMEM97;MRTO4;INO80E;PGAM1;NDUFS6;ACAD9;OLA1;CTPS1;CBX1;NDUFAF4;DCK;SAAL1;PPA1;RCC1;RRP1B;JAGN1;CINP;CCT6A","5"
"GSE31082_DP_VS_CD8_SP_THYMOCYTE_UP",3.22830581089384e-07,4.11608990888964e-06,0.674962860011025,0.72531439796748,1.64948883651349,110,"DLGAP5;SPC25;NUSAP1;ESCO2;MAD2L1;PBK;PLK1;NEK2;E2F8;RRM1;DEPDC1;DUT;SKA2;USP1;TMPO;AURKA;SMC4;ARHGEF39;POLA1;BLM;DEK;CCDC28B;MSH6;PAFAH1B3","5"
"GSE3039_ALPHAALPHA_CD8_TCELL_VS_B1_BCELL_DN",6.29856480709342e-07,7.88978117941176e-06,0.659444398037935,0.751116085267147,1.70068685671543,88,"MND1;TYMS;RAD51AP1;GINS2;PKMYT1;FOXM1;MCM10;MCM7;HELLS;OIP5;BRIP1;E2F1;BARD1;EZH2;RFC2;PTTG1;RUVBL2;BLM;CEP152;PIDD1;LMNB2;HAUS1;POLD1;ZCRB1;ZGRF1;NUP107;MASTL","5"
"GSE30962_PRIMARY_VS_SECONDARY_CHRONIC_LCMV_INF_CD8_TCELL_UP",1.37850980324169e-06,1.69699310261132e-05,0.643551836150722,0.710585609940934,1.61907624899613,119,"RAD51AP1;CLSPN;KIF23;BRCA1;TCF19;SHCBP1;FANCI;DSCC1;HELLS;STMN1;GINS1;XRCC2;HMGB3;PCNA;CDK2;TUBG1;TIMELESS;TMPO;AURKA;ZWILCH;RPA3;KIF22;NUP37;CENPP;FIGNL1;PRELID2;CCDC28B;NUCKS1;HAUS1;GMPS;MIS18BP1;TIPIN;MLH1;NUP93;HAT1","5"
"GSE21360_SECONDARY_VS_TERTIARY_MEMORY_CD8_TCELL_DN",1.42832733021755e-06,1.72851815894124e-05,0.643551836150722,0.762898517443818,1.71755187201177,72,"TK1;ASF1B;CLSPN;CENPA;TCF19;NEIL3;BUB1B;CDC6;MCM7;LIG1;MCM5;MCM3;EZH2;NCAPD2;DERL3;CSE1L;DDX11;CHTF18;ANAPC11;GUSB;SLC29A1","5"
"GSE31082_DN_VS_CD8_SP_THYMOCYTE_UP",1.52753405533478e-06,1.81776552584839e-05,0.643551836150722,0.69188746747536,1.58190490741866,140,"MND1;CLSPN;GINS2;MYBL2;PBK;CENPH;ORC6;NCAPG2;DTYMK;LIG1;GINS1;MCM5;TMEM106C;RFC4;CENPO;TMPO;TEX30;POLA1;MAGOHB;PPIH;PMM1;SNRPD1;ASRGL1;UQCC2;ETFB;MSH6;STOML2;SNRPA;NUP93;PSMD1;PRPS2;ILF2;SERPINE2;ANKRD26;RCC2;SNRPF;GALK1;FABP5;RUVBL1;CPSF6;UCHL3;C1QBP;PFKL;SLF1;EIF2S1;ADK;BID;ACLY;NDUFAB1;GTF2H3;DDX54;CINP;EXOSC9;SSR3","5"
"GSE3039_CD4_TCELL_VS_ALPHAALPHA_CD8_TCELL_DN",2.37200913414338e-06,2.776417248817e-05,0.627256739718528,0.718882324666508,1.63158688013223,99,"UBE2C;BIRC5;CDCA3;CKAP2L;MCM4;NCAPH;RAD51;CENPN;MCM10;CENPE;MCM7;OIP5;MCM5;RRM1;PCNA;NUDT1;AURKA;POLA1;DCTPP1;SIVA1;HAUS1;RPA1","5"
"GSE15930_NAIVE_VS_48H_IN_VITRO_STIM_CD8_TCELL_DN",2.5699851688834e-06,2.95962808158508e-05,0.627256739718528,0.67188214457598,1.54162449901778,166,"ASPM;UBE2T;RRM2;KIF11;CDC45;NCAPH;PRC1;MAD2L1;SMC2;MCM10;DTL;CDC6;DTYMK;MCM7;STMN1;RRM1;CCNF;EZH2;TTK;TMPO;CDK4;NCAPH2;KIF22;PRDX3;ECT2;RUVBL2;HMGB2;POLD2;TOPBP1;TFDP1;UQCC2;AHCY;LSM3;STOML2;OXCT1;CD9;NUP93;POLD1;PSMD1;HAT1;NDUFA8;BANF1;COA3;PRPF31;PKM;NUTF2;PSMB7;NASP;XPO1;PFKL;MTCH2;CAPG;HSPA14;CDC123;THUMPD3;PSMA4;DRG1;PSMA5;HNRNPLL;PDIA6;PRDX2;PSMD7;TIMM13;PSMC1","5"
"GSE14699_DELETIONAL_TOLERANCE_VS_ACTIVATED_CD8_TCELL_UP",2.96159090033563e-06,3.35646968704705e-05,0.627256739718528,0.723912149964613,1.64387837903926,100,"ASPM;ASF1B;CLSPN;ESCO2;MCM4;RAD51;PBK;ORC6;NEIL3;MCM5;PRR11;ACOT7;CHAF1B;LMNB1;HMGN2;HPRT1;BLM;ASRGL1;CD38;MIS18BP1","5"
"GSE10239_MEMORY_VS_DAY4.5_EFF_CD8_TCELL_DN",5.64390441038297e-06,6.2964808578335e-05,0.610526878385931,0.670598107906247,1.53588121823903,152,"AURKB;TYMS;CDK1;CDCA5;GINS2;MCM4;MCM2;MCM10;BUB1B;FEN1;CCDC34;GINS1;MCM5;CDC20;RRM1;PRIM1;PLK4;RFC5;ZWILCH;KIF22;TEX30","5"
"GSE41978_WT_VS_ID2_KO_AND_BIM_KO_KLRG1_LOW_EFFECTOR_CD8_TCELL_DN",6.3198597578137e-06,6.9421228724292e-05,0.610526878385931,0.740776750523051,1.67302990389131,79,"UBE2C;ASF1B;KIF23;CEP55;MAD2L1;NEIL3;STMN1;CENPK;RACGAP1;HMGB3;PLK4;ITGB3BP;SPAG5;WDHD1;FANCL;MMS22L","5"
"GSE22601_DOUBLE_POSITIVE_VS_CD8_SINGLE_POSITIVE_THYMOCYTE_DN",6.89807762892962e-06,7.46246579856931e-05,0.610526878385931,0.691744730604692,1.57886601645036,129,"ASF1B;TPX2;KIF11;CENPA;CDC45;BRCA1;DHFR;NEIL3;CDC6;CIT;BRIP1;PLK4;DSN1;NUDT1;TACC3;DDIAS;SAE1;CDK4;ARHGEF39;SPDL1;CCNE2;SMS;NCAPD2;RFWD3;DCTPP1;IDH2;CHEK2;CCDC18;RAN;MSH6;PAFAH1B3;GSTCD;MTHFD1L;RTN3;LRRCC1;RCC2;MZT1;CEP57;AAAS;BORA;POLR2H;FH","5"
"GSE22601_CD4_SINGLE_POSITIVE_VS_CD8_SINGLE_POSITIVE_THYMOCYTE_UP",7.86282897021639e-06,8.35810513306484e-05,0.593325476396405,0.682419734910004,1.55676414103259,127,"GTSE1;HJURP;CENPA;CDC45;KIF23;DHFR;NEIL3;FEN1;CDCA7L;NEK2;FANCI;RNASEH2A;BRIP1;PCNA;NUDT1;SAE1;WDHD1;SPDL1;TPGS2;TUBA1B;DNPH1;NCAPD2;DCTPP1;DEK;SNRPD1;RAN;AHCY;FAM111A;RTN3;PRADC1;RCC2;FABP5;SLC29A1;EFCAB11;ANP32E;TSN;CASP2;XRCC1;UBR7","5"
"GSE29164_CD8_TCELL_VS_CD8_TCELL_AND_IL12_TREATED_MELANOMA_DAY7_DN",7.96010012672842e-06,8.35810513306484e-05,0.593325476396405,0.738713642763218,1.66837041508485,79,"ZWINT;TYMS;TK1;HJURP;CDCA5;RRM2;MYBL2;GGH;CENPE;OIP5;TRIP13;PHF19;IFI27L1;PTTG1;NME1;CD38","5"
"GSE22443_IL2_VS_IL12_TREATED_ACT_CD8_TCELL_DN",1.01726088891232e-05,0.000105264387635275,0.593325476396405,0.703374637756211,1.59812743988364,104,"AURKB;RAD51AP1;MYBL2;CDC45;NCAPH;TCF19;FEN1;RRM1;RACGAP1;CDC25C;PRIM1;CDK2;TACC3;POLE2;AURKA;KIF22;DNMT1;POLD2;PPIH;THOC3;VPS25;RPA1;AHCY;PRIM2;CD9","5"
"GSE9650_NAIVE_VS_EFF_CD8_TCELL_DN",1.22641176369834e-05,0.00012509399989723,0.593325476396405,0.693407204375067,1.57972299891978,116,"DLGAP5;AURKB;CDK1;BIRC5;CDKN3;TCF19;DTL;LIG1;E2F8;RACGAP1;RFC4;TTK;ACOT7;CARHSP1;PTTG1;KIF22;SPDL1;HMGB2;CDKN2C;ETFB;MIS18BP1;NDUFB6;PRIM2","5"
"GSE33425_CD161_HIGH_VS_INT_CD8_TCELL_DN",1.24542552163914e-05,0.000125244200345119,0.593325476396405,0.679282927173018,1.54908093493147,124,"TOP2A;MKI67;ASF1B;KIF23;NCAPH;NEK2;CDC6;BUB1;CENPK;RACGAP1;HMGB3;PRIM1;PCNA;RFC5;NUDT1;EZH2;TTK;LMNB1;POLA1;POLD2;BLM;DCTPP1;IDH2;IMPA2;RPA1;SASS6;CD9;ITM2C","5"
"GSE3039_NKT_CELL_VS_B1_BCELL_DN",3.61622336062936e-05,0.000358608816595744,0.557332238758646,0.695287548320007,1.5800352744063,103,"SPC25;ASPM;MND1;TK1;CDT1;NCAPH;BUB1;GINS1;RRM1;KNSTRN;MCM6;TACC3;TTK;AURKA;PRDX3;POLA1;RNASEH2B;CEP152;NUCKS1;CSE1L;PARP1;SMUG1;ITM2C;LRRC42","5"
"GSE21360_NAIVE_VS_TERTIARY_MEMORY_CD8_TCELL_UP",4.09900639374072e-05,0.000400916515771352,0.557332238758646,0.698493086157193,1.58254519407948,91,"UBE2C;GTSE1;CCNB2;PKMYT1;CDKN3;CENPF;TROAP;MXD3;AURKA;SPAG5;PTTG1;IMPDH2;RPA3;NRGN;PMM1;IDH2","5"
"GSE26669_CTRL_VS_COSTIM_BLOCK_MLR_CD8_TCELL_UP",4.2467144095786e-05,0.000409750552491773,0.557332238758646,0.671908216353016,1.53156963452256,123,"ASF1B;RAD51AP1;CKAP2L;CCNA2;CDCA2;TCF19;FEN1;NEK2;E2F8;KIF18B;RFC5;DUT;TACC3;DDIAS;CHAF1B;CDK4;PHGDH;MTHFD1;HPRT1;PPIH;NME1;TFDP1;NDUFB6;LSM4;HACD3;THYN1;CHCHD1;CNP;SNRPC;GALK1;EBNA1BP2;EIF2S1;BID;TKT;KDELR1;PSMA4;GSTO1;PSMA5;HNRNPLL;BCAP29;CCT6A;NMI;MCTS1;VIM;APEX1;EEF1E1;ADGRG3;UBE2L3;NDUFC1;RSRC1;TPI1;AK2;NUDCD2;NDUFA6;PFDN1;PRDX4;FARSA;VMA21","5"
"GSE10239_KLRG1INT_VS_KLRG1HIGH_EFF_CD8_TCELL_DN",4.76369340662476e-05,0.000453503612310677,0.557332238758646,0.70494148329483,1.59946066244205,97,"DLGAP5;ASPM;TOP2A;CLSPN;KIF11;NUSAP1;NUF2;ANLN;FBXO5;CBX5;ECT2","5"
"GSE15930_STIM_VS_STIM_AND_IFNAB_48H_CD8_T_CELL_UP",5.05911050921208e-05,0.000475290118891767,0.557332238758646,0.667432013465186,1.52091012014732,120,"DLGAP5;CDCA8;ASF1B;RAD51AP1;DIAPH3;KIF11;MCM2;STMN1;MCM5;MXD3;KIF20A;CDK2;NRGN;LMNB1;UNG;INCENP;CCDC28B;RPA1;OXCT1;CD9","5"
"GSE3039_CD4_TCELL_VS_NKT_CELL_DN",5.13296483495629e-05,0.000475965830150492,0.557332238758646,0.677627498279456,1.54400826230512,117,"MND1;CENPW;NCAPG;MCM4;NCAPG2;HELLS;BRIP1;HMGB3;PSMC3IP;DSN1;EZH2;TIMELESS;RFC4;USP1;RPA3;PHGDH;SMC4;CEP85;POLA1;RBBP8;NCAPD3;CENPP;MYCBP;NUCB2;CEP152;POLE;THOC3;LMNB2;CCDC18;RAN","5"
"GSE27786_NKCELL_VS_MONO_MAC_DN",7.27547346444496e-05,0.000665985647899193,0.538434096309916,0.723577072469288,1.62980216384863,73,"ASPM;CENPM;HJURP;DEPDC1B;NEK2;CCDC34;NDC80;E2F8;CDC25C;KNTC1;SMC4;LRR1;CEP152;SCCPDH;POLR3K","5"
"GSE15930_NAIVE_VS_48H_IN_VITRO_STIM_IL12_CD8_TCELL_DN",7.49630998270133e-05,0.00067751459843655,0.538434096309916,0.646957822440591,1.48226238120944,154,"RRM2;NUSAP1;NCAPH;MAD2L1;SMC2;DTL;NEK2;CDC6;BUB1;MCM7;LIG1;RRM1;CDK2;TTK;CDCA4;DNMT1;ECT2;LMNB1;POLA1;VRK1;RUVBL2;POLD2;TFDP1;SIVA1;PMM1;AHCY;TIPIN;NUP93;PSMD1;GUSB;NDUFA8;GCSH;COA3;POLR2I;NHP2;NASP;NDFIP2;CTPS1;PFKL;MTCH2;CAPG;IPO7;MZT2B;ARL3;PLSCR1;CFAP20;PHTF2;THOP1;PSMB5;PPA1;DRG1;HNRNPLL;PDIA6;CINP;PRDX2;CCT6A;TIMM13;TIMM8A;PMPCB;NUP62;CPOX;UBE2L3;LSM1;BLVRA;AIMP2;SSNA1;TOMM40;NELFE;NELFCD;DDT;TARDBP;FUBP1;KPNA2;PRDX4;FARSA;ZW10;PPP1R7","5"
"GSE27786_LIN_NEG_VS_NKTCELL_UP",0.000111351997667742,0.000993816579184595,0.538434096309916,0.69115321789754,1.56747582209542,96,"AURKB;HMMR;CKAP2L;CDCA2;PRC1;DHFR;ORC6;NCAPG2;TMEM106C;CDK2;PXMP2;NRM;AURKA;KNTC1;RPA3;PHGDH;CCNE2;ANP32B;HPRT1","5"
"GSE29164_UNTREATED_VS_CD8_TCELL_AND_IL12_TREATED_MELANOMA_DAY3_DN",0.000130274309496443,0.00114834391333902,0.518848077743792,0.656695546835703,1.49644440615403,120,"SPC24;KIF23;NUF2;MCM4;CEP55;CDC6;HELLS;RRM1;PLK4;DEPDC1;MIS18A;RFC5;PXMP2;TIMELESS;POLA1;HMGB2;PPIH;FANCL;NUCKS1;SMC3;NIPSNAP3A","5"
"GSE40225_WT_VS_RIP_B7X_DIABETIC_MOUSE_PANCREATIC_CD8_TCELL_DN",0.000167821804454481,0.00146127766317682,0.518848077743792,0.675474405225649,1.53580856368848,106,"SPC24;CENPA;NCAPH;BRCA1;KIF4A;PRC1;MAD2L1;NEIL3;SKA1;PLK4;TUBG1;KNTC1;CDCA4;PTTG1;ECT2;CCNE2;HMGB2;MYCBP;TFDP1;SEPHS1;PMVK;HDGF;ENO1;GAPDH;N4BP2","5"
"GSE27786_NKTCELL_VS_MONO_MAC_DN",0.000170707553035643,0.00146849629960782,0.518848077743792,0.705108799608673,1.59247452948445,79,"SPC24;HMMR;CKAP2L;BRCA1;PRC1;NCAPG2;POC1A;NDC80;ATAD5;KIF20A;CDK2;KNTC1;HAUS8;CHEK2;SCMH1;BAZ1B;FANCB;TWF2;PGAM1","5"
"GSE44649_NAIVE_VS_ACTIVATED_CD8_TCELL_DN",0.000179296529177169,0.00152402049800594,0.518848077743792,0.676612055920637,1.53679525379277,101,"SPC24;UBE2T;DSCC1;CENPK;RRM1;CDC25C;MIS18A;ATAD2;PSMC3IP;CENPO;POLA1;CCNE2;NUP37;LRR1;GLO1;BLM;TFDP1;FIGNL1;ACTL6A;IMPA2;HDAC2;PCBD2;CD9;PRADC1;SKP2;TMEM109;MZT1;R3HDM1;BORA;ANP32E;IMMP1L;METTL21A;IPO7;HAUS6","5"
"GSE17301_CTRL_VS_48H_ACD3_ACD28_IFNA5_STIM_CD8_TCELL_UP",0.000202246023128931,0.00169886659428302,0.518848077743792,0.687611177260902,1.5586324058959,94,"KIF2C;CCNB2;CDCA2;CENPA;CDKN3;CEP55;PLK1;AURKA;CAMK1;SMC4;KIF22;CDKN2C;CEP57L1;MPP1;ITM2C;ANKRD26","5"
"GSE21360_NAIVE_VS_TERTIARY_MEMORY_CD8_TCELL_DN",0.000443826851525812,0.0036847950231329,0.49849310876659,0.678035103933959,1.53664811670515,93,"UBE2C;CDCA8;CDCA3;CCNB2;CDKN3;TROAP;CDC20;RNASEH2A;MXD3;CDC25C;PTTG1;IMPDH2;NCAPD3;ACAT2;ETFB;RANGRF;COTL1;LAGE3","5"
"GSE27786_CD8_TCELL_VS_MONO_MAC_DN",0.000494710806007493,0.00406004040792356,0.477270815362862,0.674281288970715,1.52671650677508,88,"TYMS;HJURP;KIF14;POC1A;CCDC34;NDC80;KIF20A;CDK2;CBX5;KIF20B;PIF1;SCCPDH;TIPIN;SASS6;MPP1;EIF4EBP1;YWHAH","5"
"GSE15930_NAIVE_VS_72H_IN_VITRO_STIM_IL12_CD8_TCELL_DN",0.00058500637125316,0.0047465289667586,0.477270815362862,0.642290393718254,1.46509570936776,126,"TOP2A;MKI67;BIRC5;NUSAP1;GGH;ANLN;MAD2L1;CENPK;SNRNP25;RFC5;TUBG1;TACC3;RFC4;ACOT7;RFC2;RNASEH2B;SIVA1;PMM1;PAFAH1B3;PRIM2;CKAP5;FDPS;GALK1","5"
"GSE45365_NK_CELL_VS_CD11B_DC_MCMV_INFECTION_UP",0.000663071301929357,0.00531947089412989,0.477270815362862,0.691533112970821,1.55762558927772,73,"DLGAP5;GTSE1;CDCA5;MCM7;GINS1;PSMC3IP;MCM6;HIRIP3;RFC3;EZH2;TEX30;SAPCD2;DCTPP1;HAUS1;TIPIN;POLD1;PARP1;RUVBL1;SNRNP35;CYB5A;GPAA1;CMSS1;NASP;COMTD1;CTPS1;ADK;CSRP1;PA2G4","5"
"GSE19825_NAIVE_VS_DAY3_EFF_CD8_TCELL_DN",0.000729861147098729,0.00579023176698325,0.477270815362862,0.627358399279795,1.43387719878679,137,"CDT1;CLSPN;CENPM;CDCA5;CIT;NDC80;STMN1;CDC20;KIF18B;RACGAP1;SNRNP25;MCM6;BCL2L12;PSMC3;TPGS2;POLD2;PIDD1;UQCC2;CHCHD1;SLC39A4;PRADC1;EIF4EBP2;BCKDK;NUDT21;NDUFA8;PGP;AAAS;SLC37A4;SMARCB1;GTF3C6;DCPS;DERA;EXO5;PSMG3;DEGS1;NDUFS4;BID;ERH;RPA2;AP1S1;PGM2;PRDX2;PSMC1;VIM","5"
"GSE7460_CTRL_VS_TGFB_TREATED_ACT_CD8_TCELL_UP",0.000919287457657854,0.00721287082162317,0.477270815362862,0.660918085994738,1.49855099318331,95,"UBE2T;PKMYT1;KIF23;GGH;NCAPH;MCM10;OIP5;DSN1;CHAF1B;SSRP1;TFDP1;LSM5;PIDD1;CSE1L;ECI1;PSIP1;NUP107;FANCB;AAAS","5"
"GSE6259_CD4_TCELL_VS_CD8_TCELL_UP",0.00109779104081351,0.00851981307761789,0.45505986738723,0.712817034519152,1.59195497453825,55,"CKAP2L;CCNA2;KIF23;CEP55;CENPE;BUB1B;MCM5;PRR11;EZH2;MMS22L;TSPAN4;PDLIM7;EPAS1;NHP2","5"
"GSE27786_LIN_NEG_VS_CD8_TCELL_UP",0.0017998200179982,0.0138179730414055,0.34452128726268,0.639771462016374,1.45473873518893,107,"ZWINT;RAD51AP1;CDCA2;CENPU;CCDC34;OIP5;CENPK;MCM5;CCNF;CDK2;TACC3;TTK;RBBP8;MAGOHB;RBBP7;POLE;NUCKS1;ACTL6A;MLH1;MTHFD1L;PMF1;NUP93;MGME1;FDPS;SLC29A1;PPM1G;GCSH;PSMB2;HSD17B4;PHTF2;VDAC3;SRRT;NDC1;TKT;SAMM50;HNRNPLL;CYB5R3;SSR3;TIMM8B;SUV39H1;EXOSC5","5"
"GSE27786_LSK_VS_CD8_TCELL_UP",0.001999800019998,0.0148735126487351,0.326351610990907,0.644838380921892,1.4606654649723,90,"CDCA2;NCAPG;CCDC34;DTYMK;MCM5;TMEM106C;E2F8;CCNF;CDK2;TACC3;BCL2L12;AURKA;SHMT1;KIF18A;INCENP;MTFR2;CHEK2;POLD1;TSPAN4;GCSH;HSD17B4;FH;TIE1;VDAC3;SRRT","5"
"GSE27786_LSK_VS_NKTCELL_UP",0.001999800019998,0.0148735126487351,0.326351610990907,0.660338006244649,1.49363372560932,84,"HMMR;CCNA2;CDCA2;BRCA1;PLK1;ORC1;MCM5;TMEM106C;CDK2;POLE2;PAICS;AURKA;CAMK1;RUVBL2;PPA2;FDPS;FANCB;NHP2;SYPL1;CAPG;LDHB;MZT2B;GMDS;RRP1B;COPS4;INAFM1","5"
"GSE3039_NKT_CELL_VS_ALPHABETA_CD8_TCELL_UP",0.001999800019998,0.0148735126487351,0.326351610990907,0.637973744367244,1.45063348630824,109,"MND1;CENPW;CKAP2L;NUF2;NEK2;STMN1;POLA2;TTK;PRDX3;WDHD1;TUBA1B;RANBP1;NCAPD2;NUCB2;MTFR2;CEP152;NUCKS1;HAUS1;MSH6;PRIM2;LRRC42;FDPS;PFDN6;SNRPF;IMMT;NDUFA8;HSD17B10","5"
"GSE15324_ELF4_KO_VS_WT_ACTIVATED_CD8_TCELL_DN",0.0022997700229977,0.0169282040868078,0.303779434551183,0.654238888960286,1.48028275531914,85,"ASF1B;HJURP;CCNB2;KIF23;GGH;DSCC1;TRAIP;RFC4;CHAF1B;PARP2","5"
"GSE2585_AIRE_KO_VS_WT_CD80_HIGH_MTEC_UP",0.0024997500249975,0.0182124644678389,0.291090917251384,0.63146221425306,1.43573919128967,106,"CENPA;FOXM1;TCF19;DEPDC1B;CENPN;RMI2;PAQR4;GMNN;DNA2;HADH;PARPBP;FANCD2;FANCG;SPDL1;UNG;SMC1A","5"
"GSE19825_IL2RALOW_VS_IL2RAHIGH_DAY3_EFF_CD8_TCELL_DN",0.0025997400259974,0.0185621437856214,0.285313392143872,0.613848615795713,1.40175786439305,132,"RAD51AP1;PBK;PLK1;CENPN;MCM10;DTL;ORC1;PRIM1;CENPO;PAICS;GPSM2;CDK4;PRDX3;HPRT1;RANBP1;RBBP7;DCTPP1;FIGNL1;BOLA3;AHCY;CHTF18;STOML2;MTHFD1L;SUZ12;SERPINE2;NUP107;NUDT5;LZIC;IPO9;PCMT1;NASP;SYPL1;PFKL;PPA1;PPIF;NUP62;ASF1A;DOHH;PSMG2;SUV39H1;TXN2;PSMC2;NSL1;NUDCD2;TARDBP;PPP2R1B;CDK6;PRDX4;SF3A3;PPP1R7;NUP155;OSTC;NAE1;WRNIP1;NUDC","5"
"GSE41867_NAIVE_VS_EFFECTOR_CD8_TCELL_UP",0.0025997400259974,0.0185621437856214,0.285313392143872,0.613120068034702,1.4004644372342,134,"DLGAP5;CENPM;CKAP2L;SHCBP1;DTL;CCDC34;ORC1;PRR11;WDR76;E2F1;FANCD2;DDX39A;CCNE2;CKAP2;GLO1;NUCKS1;CBX3;ANAPC11;IMMT;COX5A;GLRX3;DKC1;ANP32E;SNRPA1;SMARCB1;MCM8;DERA;DCTN2;PFKL;CCT5;NSMCE1;RAB35;CDC123;G2E3;RRP1B;TTI2;SIGMAR1;PSMC1;AKR1A1;ACOT9;MCEE;SEC13;ANAPC5;TECR","5"
"GSE3982_MAC_VS_NKCELL_UP",0.0026997300269973,0.0190852201908522,0.279865652661932,0.65986363139518,1.49073812037375,81,"DLGAP5;HMMR;CDCA8;CENPU;NUSAP1;SHCBP1;BUB1B;ACOT7;SLC43A3;PRDX3;NDUFB6;PSMD14;FABP5;PGAM1;ACP2;RAB11A;NDUFB5;LDHB;VAC14","5"
"GSE27786_BCELL_VS_CD8_TCELL_UP",0.0028997100289971,0.0202979702029797,0.269842314478839,0.628867001939429,1.42992151101719,108,"SPC24;TK1;RAD51AP1;MAD2L1;PBK;BUB1B;FEN1;TACC3;TEX30;MYCBP;YEATS4;PPIH;CDKN2C;PRIM2;PMF1;CNP;EIF4EBP1","5"
"GSE15930_NAIVE_VS_48H_IN_VITRO_STIM_IFNAB_CD8_TCELL_DN",0.002999700029997,0.0207940371011443,0.265216893779997,0.601374607877827,1.3764615949822,148,"RRM2;NCAPH;SMC2;ORC6;CHEK1;CDC6;BUB1;MCM7;TRIP13;EZH2;AURKA;CDK4;CDCA4;NCAPH2;KIF22;CCNE2;RUVBL2;DNPH1;CKAP2;UQCC2;POLR3K;TIPIN;STOML2;SNRPA;NUP93;SNRPC;GUSB;NDUFA8;GCSH;PRPF31;TMEM97;NUTF2;EBP;FH;PFKL;MTCH2;ARL3;PLSCR1;CFAP20;PHTF2;DCK;DRG1;RRP1B;HNRNPLL;PDIA6;PRDX2;PSMD7;TIMM13;PSMC1;PMPCB;TFAM;TIMM8B;ELOF1;NUP50;SSNA1;TOMM40;AK2;TARDBP;FUBP1;RPN1;FARSA;PPP1R7;COX17;USP39;PDCD2;EIF6;DPP3;ACP1;KPNA3","5"
"GSE21360_SECONDARY_VS_TERTIARY_MEMORY_CD8_TCELL_UP",0.0031996800319968,0.02176,0.256635016972443,0.59751816669264,1.3679674552296,150,"MKI67;TK1;KIF14;PKMYT1;GGH;SMC2;PRIM1;SKA1;MIS18A;RFC5;RECQL4;TTF2;SMS;POP7;PPIH;DCTPP1;LSM4;HDGF;POLD1;CALM3;RANGRF;HAT1;NDUFA8;COA3;HSD17B10;REEP4;GINS4;COX8A;TFPT;POP4;TPRKB;PRPF19;NDUFS3;PDHA1;PSMA4;RPP30;VBP1;POLDIP2;ACTB;EXOSC9;TIMM8A;NIT2;CPOX;EEF1E1;TIMM8B;PTBP1;TPI1;GEMIN2;TOMM40;NUP188;PSMA3;NFYC;GOT1;RMI1;CCT8;LSM7;MTX1;TMEM11;COX17;ATF6;EIF6;PSME2;GOT2;ALDOA;UQCRFS1;TCERG1;PSMD13","5"
"GSE34179_THPOK_KO_VS_WT_VA14I_NKTCELL_DN",0.0032,0.02176,0.256635016972443,0.66802794664019,1.50314929362767,70,"TOP2A;RRM2;ESCO2;BRCA1;HELLS;ATAD5;DUT;ECT2;SUV39H2;NDUFB6;EXOSC3;SNRPF;NCS1;CCT2;NDFIP2;TCEAL8;CTPS1;GLRX5;NDUFS3","5"
"GSE27786_CD8_TCELL_VS_NEUTROPHIL_DN",0.0034,0.0226878504672897,0.248832632022043,0.652888876669287,1.47456896189615,80,"CDCA8;RAD51AP1;CCNA2;PBK;CENPE;E2F8;HMGB2;LRR1;INCENP;SASS6;ENO1;MPP1","5"
"GSE45365_CD8A_DC_VS_CD11B_DC_UP",0.0033996600339966,0.0226878504672897,0.248832632022043,0.651995810129947,1.47357970179956,82,"UBE2C;HJURP;ANLN;NCAPH;BUB1;KIF18B;APOBEC3B;CCNB1;RFC2;GPSM2;MIS18BP1;FAM111A;CHCHD1;COA3;BABAM1;SUPT16H;GLRX5;MZT2B;RIF1;VBP1;TMEM60;SNX8;BLVRA;COQ5;DBF4","5"
"GSE41978_KLRG1_HIGH_VS_LOW_EFFECTOR_CD8_TCELL_DN",0.0039,0.0257833333333333,0.232056818075608,0.650055782074474,1.46817033342366,80,"ASF1B;CENPM;KIF4A;MCM7;PCNA;DNAJC9;MCM6;MSH2;TUBA1B;INCENP;TOPBP1;DEK;NUCKS1;POLR3K;HMGB1;LSM4;OXCT1;HMGXB4;WDR1;TRAF2;PCMT1;RAD23A;SDHC;ACTB;EXOSC9;CHCHD2;CTCF;ACTG1;PPIA;UQCRQ;NELFCD;NUDCD2","5"
"GSE22443_NAIVE_VS_ACT_AND_IL12_TREATED_CD8_TCELL_UP",0.003999600039996,0.0261992149408912,0.229089382980959,0.61870178320555,1.40791244975207,112,"TOP2A;AURKB;ASF1B;CENPA;NCAPH;TRIP13;E2F1;RFC4;DNMT1;PPIH;TOPBP1;NME1;IDH2;IMPA2;LSM3;SMC3;OXCT1;TMEM141;MPP1;LAGE3;TMEM97;ACP2;FH","5"
"GSE7764_NKCELL_VS_SPLENOCYTE_DN",0.0041995800419958,0.0272590922725909,0.223479119117479,0.620934221571991,1.41180196851268,106,"SPC24;TOP2A;MKI67;TYMS;KIF23;CENPF;SHCBP1;NEK2;CCNF","5"
"GSE6259_BCELL_VS_CD8_TCELL_DN",0.0049,0.0315189189189189,0.206652311234449,0.643530300791929,1.45343233970908,80,"CCNA2;CENPU;NEK2;NDC80;RMI2;ZNF367;NCAPD3;VRK1;SEPHS1;CNTLN;PSIP1","5"
"GSE39110_UNTREATED_VS_IL2_TREATED_CD8_TCELL_DAY6_POST_IMMUNIZATION_UP",0.0052994700529947,0.0337841215878412,0.198584486969905,0.64233033672441,1.45112758647268,81,"MKI67;KIF11;NCAPG;DEPDC1B;STMN1;RACGAP1;GMNN;PAICS;CHAF1B;FAM111A;SLBP","5"
"GSE24081_CONTROLLER_VS_PROGRESSOR_HIV_SPECIFIC_CD8_TCELL_DN",0.0064,0.0404389380530973,0.180467893079923,0.639251846770303,1.44376932394845,80,"UBE2C;RRM2;CEP55;DHFR;RNASEH2A;APOBEC3B;CDK2;STIL;UNG;CD38;GMPS;MIS18BP1;RTN3;OAS3;RAB11A;DERA;USP18;PLSCR1;AP1S1;IFI35;SMC6;OAS1;ATG3;PGLS;EIF2AK2;EIF2S2;EAF2;PPIA;UBE2L6","5"
"GSE29949_MICROGLIA_BRAIN_VS_CD8_POS_DC_SPLEEN_DN",0.00710355177588794,0.0444906663858245,0.171214318379654,0.695363673134204,1.53739509425654,43,"SPC25;RRM2;OIP5;TRAIP;RBBP8;CD38","5"
"GSE41867_DAY8_VS_DAY15_LCMV_CLONE13_EFFECTOR_CD8_TCELL_DN",0.0074992500749925,0.0465605613351708,0.166521148019972,0.597889811643939,1.36284965419021,123,"CENPM;CKAP2L;CDC45;SHCBP1;DTYMK;CDC25C;WDR76;PLK4;POLD2;CKAP2;SNRPD1;THOC3;NUCKS1;POLR3K;MIS18BP1;STOML2;CBX3;NUP93;PRPF31;NDUFB3;MKKS;DCXR;UCHL3;MCM8;TIMM23;DERA;NDUFS6;DCTN2;NSMCE1;LCMT1;CDC123;G2E3;DRG1;ALG5;ZFYVE19;PSMC1;GALE;NIT2;MCEE;TIPRL;NDUFS8;COQ3;TOMM40;POLE3;ZCCHC17","5"
"GSE27786_LIN_NEG_VS_NKCELL_UP",0.0076992300769923,0.0473900885773492,0.164313492356652,0.623579433907411,1.41191670391028,88,"CDK1;DIAPH3;CENPH;CCDC34;CCNF;HADH;GPSM2;KNTC1;SAE1;ANP32B;VRK1;TOPBP1;ADSL;COPRS;TIPIN;COPS3;NUP93;MGME1;LRRC42;PSMB2;CLNS1A;MGMT;PCNT;ADI1;SRRT;SUCLG1;TIMM9;PSMG2;TIMM8B;NENF;SUV39H1;BDH1;TXN2","5"
"GSE41867_DAY8_EFFECTOR_VS_DAY30_EXHAUSTED_CD8_TCELL_LCMV_CLONE13_UP",0.0080991900809919,0.0494258266481044,0.160146983509279,0.595612789709879,1.35740077145661,122,"SPC24;TYMS;BIRC5;SHCBP1;ORC1;PRR11;RRM1;PLK4;EZH2;PTTG1;TUBA1B;SAPCD2;CKAP2;NDUFB6;STOML2;COPS3;GUSB;BCKDK;TSPAN5;REEP4;PIN1;NUTF2;EBP;NEMP1;RAB11A;WEE1;ADK;GPN3;CYB5R3;ECI2;EEF1E1;TIMM8B;SUV39H1","5"
