"NK_cluster","regulon","mean_in","mean_out","log2FC","avg_log2FC","statistic","pval","padj"
1,"ASCL2(+)",0.165281048753809,0.0657861118189489,1.3290663482179,1.3290663482179,58.6615778454089,0,0
1,"KLF3(+)",0.0846999725024875,0.0393258013688101,1.10688531681334,1.10688531681334,55.7077871081466,0,0
1,"FOXD2(+)",0.0137684649466864,0.00676226145377425,1.02578991076408,1.02578991076408,21.9004305968484,2.57337393829228e-106,1.23269851554664e-104
5,"E2F8(+)",0.0863189765157258,0.0327694425095469,1.39732660235101,1.39732660235101,19.1415014456311,1.13938956760768e-81,4.10268569111447e-80
5,"MYBL2(+)",0.109349565995361,0.047519115768656,1.20236758125965,1.20236758125965,18.9494940008435,4.45849681436813e-80,1.5455013211e-78
5,"FOXM1(+)",0.11526684690272,0.056543561343862,1.02754295316546,1.02754295316546,18.4005279209895,1.30091174507094e-75,4.13885962729762e-74
5,"MXD3(+)",0.129392081314948,0.060291348488034,1.10172641309943,1.10172641309943,18.1879983797587,6.42438314974426e-74,1.93774413834819e-72
5,"CENPA(+)",0.0965921465676317,0.0417729321629374,1.20933746179753,1.20933746179753,17.4308104628802,4.8158583225411e-68,1.29304404093661e-66
5,"ARID5B(+)",0.0148634701846531,0.0299658201591618,-1.01154682962645,-1.01154682962645,-15.4812597019527,4.64291632348979e-54,8.80259033575922e-53
5,"KLF9(+)",0.00709464362599935,0.0165702843659863,-1.22379612226453,-1.22379612226453,-15.3273439786291,5.02101033866711e-53,9.36650322213202e-52
5,"MAF(+)",0.00768728686107462,0.0179527841438338,-1.2236610787116,-1.2236610787116,-15.0983096381363,1.66138065596251e-51,2.90117035599469e-50
5,"RUNX1(+)",0.00442109713207328,0.0118007861580962,-1.41640643386078,-1.41640643386078,-14.9769679027992,1.03847830322897e-50,1.7604860286491e-49
5,"STAT6(+)",0.00759411167284083,0.0171204403353084,-1.17276658309333,-1.17276658309333,-14.9348104829832,1.9562948439102e-50,3.29238751810249e-49
5,"KLF3(+)",0.0231583276517471,0.05454295497192,-1.23586175260823,-1.23586175260823,-14.6885937268364,7.62804614854533e-49,1.21760392989667e-47
5,"ZNF565(+)",0.0050220085224122,0.0167795955039217,-1.74037135468432,-1.74037135468432,-14.5264982056381,8.2322517056857e-48,1.24151977834124e-46
5,"PRDM10(+)",0.00508733500073453,0.0124163406488447,-1.28725787305493,-1.28725787305493,-14.4540658534514,2.36314147966207e-47,3.50696235560075e-46
5,"FOXO3(+)",0.00665431836307086,0.0191818607090155,-1.52737973616708,-1.52737973616708,-14.4264529854778,3.52761902062943e-47,5.18537669329864e-46
5,"ELK3(+)",0.00414923408846392,0.013168179132668,-1.66613867095806,-1.66613867095806,-14.3456714313183,1.13397458826888e-46,1.63074673761886e-45
5,"NR1D2(+)",0.0079118788323329,0.0177933581353875,-1.16924647745206,-1.16924647745206,-14.3412669247704,1.20829328900776e-46,1.73225997760527e-45
5,"ZNF808(+)",0.00472477585615582,0.0117391984604842,-1.31301592926308,-1.31301592926308,-14.1874480037885,1.09574215790138e-45,1.52181516651557e-44
5,"CARF(+)",0.00644645344044774,0.0176449201877775,-1.4526751868838,-1.4526751868838,-14.1540027947267,1.76422587835788e-45,2.40317571993324e-44
5,"NFXL1(+)",0.00705795499882259,0.0223028191865139,-1.65990380902548,-1.65990380902548,-14.1482914565657,1.91349927432515e-45,2.583780270128e-44
5,"ZNF44(+)",0.00615864363412388,0.0143824157643923,-1.22362133156439,-1.22362133156439,-14.1348843322384,2.31514074964819e-45,3.10804300061151e-44
5,"SOX4(+)",0.00739855393186124,0.016374027869879,-1.14609392452881,-1.14609392452881,-14.1185247364889,2.9204111072591e-45,3.88690819289929e-44
5,"ZNF14(+)",0.00461027796088824,0.013723335594498,-1.57370533710883,-1.57370533710883,-14.0875963883117,4.52709417584305e-45,5.94021255559067e-44
5,"ZNF790(+)",0.00439154109586971,0.0127182165950638,-1.53409695898927,-1.53409695898927,-13.9850827084377,1.92253216069361e-44,2.46009969322915e-43
5,"ZNF600(+)",0.00749702889899148,0.0204411532615762,-1.44708560310855,-1.44708560310855,-13.9642218037985,2.57704887195773e-44,3.27955945486127e-43
5,"ZNF394(+)",0.00495070646421465,0.0133189728902895,-1.4277763312116,-1.4277763312116,-13.9592364832003,2.76378768752672e-44,3.50759393676547e-43
5,"ZSCAN29(+)",0.0104370852160447,0.0265627686931372,-1.34768658167591,-1.34768658167591,-13.9035751367154,6.02548598105417e-44,7.58492747479583e-43
5,"ZNF611(+)",0.00630482040843871,0.0143844701454009,-1.18998477022163,-1.18998477022163,-13.899993450072,6.33471620240271e-44,7.95263696220557e-43
5,"ZNF571(+)",0.00895432251004385,0.0197662006504214,-1.14237931654467,-1.14237931654467,-13.8949113271321,6.80076816376182e-44,8.51470838832174e-43
5,"TFCP2(+)",0.00452467836703053,0.01261952158349,-1.47976986488067,-1.47976986488067,-13.8528991108287,1.22179545018837e-43,1.50536866475464e-42
5,"ZNF773(+)",0.00318207874856664,0.0138117065403218,-2.11784979316398,-2.11784979316398,-13.830029557599,1.67951489391868e-43,2.05840281853621e-42
5,"NCOA3(+)",0.00686772926400209,0.0137383160965812,-1.00030000660201,-1.00030000660201,-13.7970441596603,2.65518283364912e-43,3.22018910242824e-42
5,"ZNF250(+)",0.00817509779357803,0.0183614957444613,-1.16737559502699,-1.16737559502699,-13.583014182133,5.05044728081081e-42,5.86483190484155e-41
5,"ZNF793(+)",0.00790397194843849,0.0181824217074089,-1.20189452910577,-1.20189452910577,-13.5677678133132,6.21871595012847e-42,7.16772595244336e-41
5,"RUNX2(+)",0.00564920745652183,0.0127731724990278,-1.17699636521632,-1.17699636521632,-13.4880510849126,1.83897638613379e-41,2.08342568624182e-40
5,"GLYR1(+)",0.00682893576704007,0.0138717479437605,-1.02241681310037,-1.02241681310037,-13.4543638699965,2.90226196364945e-41,3.25628184085789e-40
5,"ZBTB10(+)",0.0124782160964571,0.025963500425254,-1.05707314279221,-1.05707314279221,-13.442747588991,3.39589409257167e-41,3.80094652048082e-40
5,"ZNF669(+)",0.00502841779813279,0.0149068836421751,-1.56780206685118,-1.56780206685118,-13.3431863805392,1.29790986418029e-40,1.42188474507487e-39
5,"ZNF829(+)",0.00449313278384166,0.0131712691210483,-1.55160054897013,-1.55160054897013,-13.2062836687717,8.07119580766096e-40,8.59878544187733e-39
5,"ZNF646(+)",0.00509569634675805,0.0141179786533448,-1.47018214920972,-1.47018214920972,-13.1853017612054,1.06626484962666e-39,1.12563641511723e-38
5,"PPARA(+)",0.00481651096827928,0.0111376224943923,-1.20938077271972,-1.20938077271972,-13.1303664322834,2.20586540502116e-39,2.27694329029406e-38
5,"SP4(+)",0.00325231211608029,0.0091069332476943,-1.48549930845203,-1.48549930845203,-13.1201537852326,2.52422191830594e-39,2.58590249849978e-38
5,"ZNF235(+)",0.00714560597203954,0.0155212383179455,-1.1191152873574,-1.1191152873574,-13.117007709127,2.63120529029393e-39,2.68534751160374e-38
5,"ZNF33B(+)",0.00624544088763227,0.0133709620013173,-1.09822781826398,-1.09822781826398,-13.0943559611661,3.54669951252503e-39,3.58919809056182e-38
5,"ZNF717(+)",0.00948000047069419,0.0225153017026657,-1.24794668579588,-1.24794668579588,-12.944021924486,2.53977228832096e-38,2.49941573712942e-37
5,"HES4(+)",0.00889292561324877,0.0199658938599547,-1.16680754887015,-1.16680754887015,-12.9236934327263,3.30869456464838e-38,3.23555500058773e-37
5,"ZNF607(+)",0.006369018713479,0.0149422557879846,-1.23025481797271,-1.23025481797271,-12.9142552044092,3.74045782565309e-38,3.63481728036791e-37
5,"L3MBTL4(+)",0.00481193218832522,0.0137872620903317,-1.51864757932365,-1.51864757932365,-12.9126337651856,3.82007662776314e-38,3.70443756491853e-37
5,"ZNF675(+)",0.00710031721404343,0.0150154662639349,-1.08049378233489,-1.08049378233489,-12.9108187212784,3.91120209304878e-38,3.78490285879408e-37
5,"LEF1(+)",0.00534892147437388,0.0140969453728792,-1.39806248635915,-1.39806248635915,-12.9005576730569,4.46851645019989e-38,4.2973620934117e-37
5,"ZNF33A(+)",0.00558642854536655,0.0115629015098043,-1.04950517430579,-1.04950517430579,-12.8846820890159,5.49012659471697e-38,5.24725062396303e-37
5,"ZNF569(+)",0.00877697940854124,0.0178069035872014,-1.02064015927976,-1.02064015927976,-12.8707909529801,6.57256235460674e-38,6.26890187621115e-37
5,"ZNF844(+)",0.00795040667944682,0.016993186617819,-1.09585575603285,-1.09585575603285,-12.8217605669025,1.23855864836269e-37,1.16695840195633e-36
5,"ZNF821(+)",0.00558010262787894,0.0130904003826857,-1.23014551475838,-1.23014551475838,-12.8213249563648,1.24553741560855e-37,1.17115815698415e-36
5,"BNC2(+)",0.00460882357791077,0.0136371033293073,-1.56506657674775,-1.56506657674775,-12.7964225539592,1.71679635448046e-37,1.60130904951039e-36
5,"ZNF184(+)",0.00435473680288687,0.011398876674363,-1.38823402219348,-1.38823402219348,-12.7581130272263,2.80923907997324e-37,2.59421779850411e-36
5,"ZNF780A(+)",0.00677616398007946,0.017479513678403,-1.36712422305488,-1.36712422305488,-12.7358242880469,3.73876439098337e-37,3.43892289032035e-36
5,"ZNF382(+)",0.00351445671579111,0.0151354896136146,-2.10656143821787,-2.10656143821787,-12.7123497201815,5.04940492574319e-37,4.5899189589192e-36
5,"ZNF345(+)",0.00905058236711581,0.0218810727073121,-1.27360084202281,-1.27360084202281,-12.7040005182088,5.61826344128006e-37,5.08710208279647e-36
5,"MTERF2(+)",0.00763505901811232,0.0161964870452395,-1.08496961819856,-1.08496961819856,-12.695820720334,6.23726418945173e-37,5.6147465426363e-36
5,"ZNF460(+)",0.00863565245844379,0.0230621018103594,-1.41714680892221,-1.41714680892221,-12.667844843579,8.91296011798403e-37,7.97701343892791e-36
5,"ZBTB37(+)",0.00640104836779566,0.0141626687624606,-1.14571290870095,-1.14571290870095,-12.627042656547,1.49803114422e-36,1.32793027956143e-35
5,"ZNF251(+)",0.00641209628958113,0.0162950687639141,-1.34556730816555,-1.34556730816555,-12.5719863246978,3.0106351104394e-36,2.65358635445749e-35
5,"TGIF1(+)",0.0110030155593828,0.0241376969983967,-1.13338898983752,-1.13338898983752,-12.5661297830241,3.24210398691833e-36,2.85219185970372e-35
5,"ZNF354C(+)",0.00330115001155072,0.0106770896810085,-1.69347755016592,-1.69347755016592,-12.5581435898328,3.58649022239351e-36,3.1491960459391e-35
5,"ZBTB14(+)",0.00605410668009649,0.0190119183513862,-1.6509179461553,-1.6509179461553,-12.4549280929814,1.31469927591761e-35,1.1205097498417e-34
5,"ESR1(+)",0.0122794159633222,0.0313298890732117,-1.35129764574854,-1.35129764574854,-12.4535244590266,1.33803272797936e-35,1.13830806253921e-34
5,"ZNF831(+)",0.00598203972092996,0.0168817702645122,-1.49675664572197,-1.49675664572197,-12.4278718384726,1.84480411261136e-35,1.5637071355985e-34
5,"ZNF701(+)",0.00906362541605049,0.0200893899468208,-1.14827352373652,-1.14827352373652,-12.2760857666668,1.21747476250727e-34,9.97384527662485e-34
5,"ZBTB24(+)",0.00801167435063097,0.0205348555085544,-1.35789899971768,-1.35789899971768,-12.2470934653237,1.74125231259455e-34,1.41648283572709e-33
5,"ZNF350(+)",0.00881550895087678,0.0211749586918493,-1.26424329061611,-1.26424329061611,-12.2347995679262,2.02604347036375e-34,1.64527481116077e-33
5,"NFIA(+)",0.00866679149218033,0.0210588267010062,-1.2808550590125,-1.2808550590125,-12.2290640291797,2.17429486360691e-34,1.7625828344597e-33
5,"ZFP64(+)",0.00756236971668652,0.0174583568430237,-1.20700738463228,-1.20700738463228,-12.209921366106,2.75154974794266e-34,2.2112367784072e-33
5,"CIC(+)",0.00500650477146397,0.013289063384228,-1.40836358667187,-1.40836358667187,-12.2084451303949,2.80192665457927e-34,2.24783235069442e-33
5,"FOXJ2(+)",0.00540792848894741,0.0200582672694246,-1.89104880991224,-1.89104880991224,-12.1694821878554,4.51940383166436e-34,3.58848389710785e-33
5,"TRERF1(+)",0.00527891286301005,0.0116018197459044,-1.13603820363055,-1.13603820363055,-12.1654406900889,4.74875591535238e-34,3.75135565081834e-33
5,"NFATC1(+)",0.00654314251548726,0.0160087833024099,-1.29080793477697,-1.29080793477697,-12.1115701869256,9.17213208733617e-34,7.10075892427942e-33
5,"E2F6(+)",0.0118041362290226,0.025532383617086,-1.11303568763806,-1.11303568763806,-12.0505363104756,1.92692073941575e-33,1.46971212390578e-32
5,"ZNF618(+)",0.0058477801631961,0.0121810791370125,-1.05868083889992,-1.05868083889992,-12.0501249005234,1.93656264507388e-33,1.47464483383085e-32
5,"ZNF592(+)",0.00323426936988384,0.0105901676043042,-1.71121336689297,-1.71121336689297,-12.016534487949,2.90918577469017e-33,2.19726307698144e-32
5,"SETBP1(+)",0.00679052705229861,0.0144292439926531,-1.08740014073735,-1.08740014073735,-11.9959155891641,3.73266586967893e-33,2.81008638000951e-32
5,"ZNF837(+)",0.00692108996775054,0.0186957438920595,-1.43363858132332,-1.43363858132332,-11.9586950887755,5.84735654742486e-33,4.35970644667552e-32
5,"ZNF740(+)",0.00554360475222865,0.0156690547667074,-1.4990216788842,-1.4990216788842,-11.8687173121533,1.72085803916418e-32,1.26477620125279e-31
5,"HMBOX1(+)",0.00553658728288849,0.0127702360780894,-1.20571616087757,-1.20571616087757,-11.8578028481252,1.9605235235785e-32,1.43864640869228e-31
5,"ZNF605(+)",0.00489799059215374,0.0127584100949498,-1.38118646765538,-1.38118646765538,-11.8552375860698,2.02150039916644e-32,1.47639455253587e-31
5,"ZNF703(+)",0.0120401431969654,0.0252826654964683,-1.0702959583783,-1.0702959583783,-11.7822970215891,4.8162413116518e-32,3.45771883966346e-31
5,"ATF6B(+)",0.0196107006660001,0.0464607262507073,-1.24437058113701,-1.24437058113701,-11.7591128607489,6.33969031964293e-32,4.49585672286128e-31
5,"ZNF665(+)",0.0114015664050224,0.0237211327664971,-1.05694079674461,-1.05694079674461,-11.7430436720245,7.66763755479427e-32,5.42929518933223e-31
5,"ZNF782(+)",0.00728265683802024,0.014815457018,-1.02456625818204,-1.02456625818204,-11.6959009316103,1.33760079454851e-31,9.3996303943689e-31
5,"ZNF169(+)",0.00497914178336161,0.0163178023795109,-1.71247756978443,-1.71247756978443,-11.6523640784249,2.23180142988559e-31,1.56596943229887e-30
5,"ZNF155(+)",0.00539269631645899,0.0130242588731262,-1.272122426055,-1.272122426055,-11.6228393642025,3.15474225804709e-31,2.19696818420221e-30
5,"MXI1(+)",0.00439138630675041,0.0139178637800739,-1.66418920957402,-1.66418920957402,-11.6088756264104,3.71467994641068e-31,2.57532661956382e-30
5,"ZNF563(+)",0.00627299604487561,0.0144541581574261,-1.20425789715294,-1.20425789715294,-11.5977433571134,4.23087718465195e-31,2.92012251451832e-30
5,"GTF2IRD2(+)",0.00544194914850548,0.013041077752419,-1.26086756780008,-1.26086756780008,-11.5127024999186,1.13853635624703e-30,7.64234302712059e-30
5,"TSHZ3(+)",0.0105546864976588,0.0226872080851468,-1.1039952796355,-1.1039952796355,-11.4827421751585,1.61088994746469e-30,1.0750838801686e-29
5,"ZNF786(+)",0.00424141249313456,0.0123840614836208,-1.54586761324004,-1.54586761324004,-11.4435130261793,2.53412275999943e-30,1.67439547940219e-29
5,"ZNF84(+)",0.00632739422308771,0.0138574043885241,-1.13097353995375,-1.13097353995375,-11.4327921668346,2.86737744841027e-30,1.88653941187899e-29
5,"ZNF606(+)",0.00571858761194495,0.0135590558190939,-1.24552579799902,-1.24552579799902,-11.400097175921,4.17652636860717e-30,2.72854641099582e-29
5,"ZNF260(+)",0.00667747564687262,0.0182905932607457,-1.45372701851076,-1.45372701851076,-11.3883356914029,4.78033056614787e-30,3.11425462549185e-29
5,"ZNF213(+)",0.00459516973822553,0.0120579461801514,-1.3917939423561,-1.3917939423561,-11.3723633050203,5.74117368424112e-30,3.72975549137063e-29
5,"ZNF398(+)",0.00675441399303782,0.0151560024604315,-1.16598664761185,-1.16598664761185,-11.3596095964996,6.6440884294064e-30,4.29232138450525e-29
5,"ZNF551(+)",0.0100391695797453,0.0201658277235742,-1.0062726140975,-1.0062726140975,-11.3452828499261,7.82727362029069e-30,5.00794572537882e-29
5,"AHCTF1(+)",0.0075999237049988,0.0165385608722774,-1.12177675845009,-1.12177675845009,-11.323405520699,1.00490758034277e-29,6.41180729490682e-29
5,"ZNF3(+)",0.0131809574363177,0.0273299897263253,-1.05202969246152,-1.05202969246152,-11.3037546453312,1.25725166587646e-29,8.01088338545429e-29
5,"ZNF586(+)",0.00548111172209075,0.0179745243073797,-1.71341296084348,-1.71341296084348,-11.2958652544816,1.37542722966549e-29,8.73988985197836e-29
5,"HOXB3(+)",0.00497450399611655,0.0110191578029737,-1.14738921553145,-1.14738921553145,-11.2736007158877,1.7717307828897e-29,1.12121110170608e-28
5,"FOXD2(+)",0.00214772183855774,0.0091562612388741,-2.09195095581501,-2.09195095581501,-11.2573863236508,2.129820073094e-29,1.34051683462353e-28
5,"BCL6(+)",0.00888608825385215,0.0181018156484136,-1.02651395218856,-1.02651395218856,-11.1940291909996,4.36153426062446e-29,2.72302777427428e-28
5,"HOXA5(+)",0.0092588966284811,0.019728505304002,-1.09136938960651,-1.09136938960651,-11.189189073914,4.60627000893917e-29,2.87196297872785e-28
5,"ZNF175(+)",0.015459017388524,0.032454022097188,-1.06994861566298,-1.06994861566298,-11.1556954636813,6.71655591769915e-29,4.15424796773802e-28
5,"ZBTB6(+)",0.0111121048572219,0.0251668161604093,-1.17939052280049,-1.17939052280049,-11.1378354316353,8.20902821362154e-29,5.0571533225825e-28
5,"ZBTB7B(+)",0.00732510612563016,0.0148748600671625,-1.0219544301364,-1.0219544301364,-11.1258803424337,9.38745463357632e-29,5.73746404907395e-28
5,"ZMAT1(+)",0.00339427715109099,0.0115279857148575,-1.76396387858382,-1.76396387858382,-11.0656450853029,1.841331754316e-28,1.10933670542125e-27
5,"GLI1(+)",0.00821097477958772,0.0193595476444099,-1.23741973254728,-1.23741973254728,-11.046381419302,2.2822992972026e-28,1.35913849173155e-27
5,"ZNF630(+)",0.0111681708201744,0.0238387661733011,-1.09391658604486,-1.09391658604486,-10.9990450742044,3.86199872488905e-28,2.26216697063173e-27
5,"E2F5(+)",0.00369607728344865,0.014730462841309,-1.9947356408289,-1.9947356408289,-10.9943017594604,4.07051701531223e-28,2.37830836932394e-27
5,"ZNF383(+)",0.00485981390424536,0.0128573116004026,-1.403615854016,-1.403615854016,-10.9594771170292,5.98441276983618e-28,3.47904847507998e-27
5,"ZFY(+)",0.00710953178544345,0.0145334672636776,-1.03155236947329,-1.03155236947329,-10.9161580691127,9.64916081537213e-28,5.55394696250354e-27
5,"ZNF707(+)",0.00320057263604816,0.0109776931310853,-1.7781726411259,-1.7781726411259,-10.9102531262682,1.02969234892256e-27,5.8902967496863e-27
5,"ZNF160(+)",0.00413440883390584,0.00890402822302516,-1.10677692094026,-1.10677692094026,-10.8887630064079,1.30399363906173e-27,7.41831778963451e-27
5,"ZFP57(+)",0.00687727347413432,0.0143856349250598,-1.0647201673694,-1.0647201673694,-10.8503324767479,1.98701242158151e-27,1.11604264791368e-26
5,"ZNF704(+)",0.00461837544995217,0.0109161055625346,-1.24100070432454,-1.24100070432454,-10.8486868369388,2.02310974363074e-27,1.1349450192228e-26
5,"ZNF300(+)",0.0154827456474444,0.031994242569272,-1.0471509285278,-1.0471509285278,-10.8134991857261,2.97115905073299e-27,1.65281841804248e-26
5,"TIGD7(+)",0.00738000867378255,0.0166287175336412,-1.17198238135989,-1.17198238135989,-10.8129183716758,2.99003599160005e-27,1.65867737178695e-26
5,"ZNF816(+)",0.00524990812636983,0.0242804477210402,-2.20943072824697,-2.20943072824697,-10.8130151740176,2.98688159604531e-27,1.65867737178695e-26
5,"ZNF440(+)",0.0109062841623904,0.0226870800905079,-1.05671122181647,-1.05671122181647,-10.8074006381982,3.17540454820783e-27,1.7580159864631e-26
5,"SOX13(+)",0.00358888518324917,0.0107603893576609,-1.58412234005323,-1.58412234005323,-10.7516182887861,5.82308856627826e-27,3.20097590418491e-26
5,"DEAF1(+)",0.00443857361022082,0.00994273975590589,-1.16354714277728,-1.16354714277728,-10.7368317310895,6.83498493904832e-27,3.74392748135371e-26
5,"ZNF549(+)",0.00752437867618227,0.0198442367258491,-1.3990755919109,-1.3990755919109,-10.6976509832812,1.04391024908931e-26,5.65806663596248e-26
5,"NKX3-1(+)",0.0137837887275142,0.0350314019401578,-1.34567616800268,-1.34567616800268,-10.6911894269718,1.11926272055621e-26,6.04532015928324e-26
5,"RBAK(+)",0.003239934235073,0.0108160400483418,-1.73913565231569,-1.73913565231569,-10.6686828825236,1.42633836991702e-26,7.64168596108945e-26
5,"ZNF280C(+)",0.00414494382366539,0.00966579792744717,-1.22153608634843,-1.22153608634843,-10.6431270643114,1.87721394711055e-26,9.94259838577937e-26
5,"ZNF836(+)",0.00344605076734493,0.00944313743918661,-1.45432204662564,-1.45432204662564,-10.6008002403974,2.95441265607618e-26,1.54889918594513e-25
5,"ZNF711(+)",0.00511509754510768,0.0208275423180301,-2.02565873881879,-2.02565873881879,-10.5817301790799,3.62207017237619e-26,1.89252147926742e-25
5,"ZBTB17(+)",0.00603612173979938,0.0137754836111711,-1.19040902527159,-1.19040902527159,-10.5194136716022,7.0309747596758e-26,3.62071815506587e-25
5,"ZNF620(+)",0.00706094873536234,0.017521080860262,-1.31115770679822,-1.31115770679822,-10.4264834235578,1.87707083717401e-25,9.49781485694259e-25
5,"ZNF333(+)",0.00517364308128513,0.013312451564518,-1.36352367173936,-1.36352367173936,-10.422877536329,1.9496356840952e-25,9.8435410354589e-25
5,"ZNF432(+)",0.00622785914119494,0.0171565437662185,-1.46195057989377,-1.46195057989377,-10.4166821864594,2.08085903123628e-25,1.04946690554751e-24
5,"ZNF624(+)",0.00815342452121475,0.0172710701166959,-1.08287934337707,-1.08287934337707,-10.4095672143435,2.24238741335481e-25,1.12604211189547e-24
5,"HOXA7(+)",0.0043410646579893,0.0161857719021717,-1.89860511026731,-1.89860511026731,-10.4015810211522,2.43853137294923e-25,1.22321579129041e-24
5,"ZNF813(+)",0.00935416306200021,0.0222695160081664,-1.25138963119726,-1.25138963119726,-10.3969829099208,2.55907880192253e-25,1.28091821497092e-24
5,"PRDM8(+)",0.00890219268903772,0.0212800587316411,-1.25726940477887,-1.25726940477887,-10.3945870519634,2.62421173404542e-25,1.31210586702271e-24
5,"ZNF776(+)",0.00696245887251225,0.0161358873858472,-1.21260399702755,-1.21260399702755,-10.370773675902,3.36786864982166e-25,1.67312832924295e-24
5,"CEBPA(+)",0.0158233462259342,0.0316654455041895,-1.00085460681862,-1.00085460681862,-10.2799246782045,8.67954056566878e-25,4.25279176450754e-24
5,"JRKL(+)",0.00664753386711352,0.0136308515738387,-1.03598445740786,-1.03598445740786,-10.2739229330183,9.23704018424597e-25,4.52118563285801e-24
5,"ARID3A(+)",0.00479997239166709,0.0126604790584545,-1.39923379624372,-1.39923379624372,-10.2307248880289,1.4443417084035e-24,6.96673648549769e-24
5,"ZBTB5(+)",0.00595989562466613,0.0132683703732787,-1.15463208567338,-1.15463208567338,-10.1843807669338,2.32837515148371e-24,1.11438574767558e-23
5,"TIGD3(+)",0.00983573009769288,0.0226431327998527,-1.20296944208451,-1.20296944208451,-10.1716028578277,2.65503123374776e-24,1.26488411084701e-23
5,"NR5A2(+)",0.00517424959691534,0.0271654860682509,-2.39235308152154,-2.39235308152154,-10.0557062542119,8.66975319551498e-24,4.02307728203468e-23
5,"TBP(+)",0.00451460904257859,0.0142635263723992,-1.65965752173232,-1.65965752173232,-10.0554642483576,8.69108204065988e-24,4.02894970846957e-23
5,"FLYWCH1(+)",0.0080052845556739,0.0206599402564387,-1.36781138112309,-1.36781138112309,-10.0219464375395,1.22074758412071e-23,5.62536957166738e-23
5,"ZNF69(+)",0.00699299772563924,0.0172687152014144,-1.30417768598376,-1.30417768598376,-10.0135972355668,1.32832858170391e-23,6.09692318380898e-23
5,"ZFP69(+)",0.00571776008463777,0.0142678893512334,-1.31924979019269,-1.31924979019269,-9.98944505130939,1.69528157484396e-23,7.76586086306724e-23
5,"ZKSCAN8(+)",0.00666788381504713,0.0147076546224466,-1.14126621386906,-1.14126621386906,-9.97707855215556,1.92037767950994e-23,8.77967945012174e-23
5,"PATZ1(+)",0.00548877891863928,0.0135478658599114,-1.30350831566381,-1.30350831566381,-9.94539998583001,2.6411085902019e-23,1.20038643850174e-22
5,"STAT5B(+)",0.00544529540065847,0.0111992591803429,-1.04032094586929,-1.04032094586929,-9.87848536712094,5.16070207402313e-23,2.32281600134084e-22
5,"GMEB2(+)",0.00575137330128352,0.013306523010524,-1.21015511628859,-1.21015511628859,-9.87473427637957,5.35747654699885e-23,2.40904923144334e-22
5,"BATF3(+)",0.0133209779015786,0.03070328634526,-1.20469302683266,-1.20469302683266,-9.78490170326997,1.30722243322094e-22,5.79393912434281e-22
5,"ZNF610(+)",0.00692399304732863,0.0154292057794526,-1.15598750488393,-1.15598750488393,-9.78236064180001,1.34046956867826e-22,5.93563503003861e-22
5,"GTF2IRD1(+)",0.00414504128321092,0.0117312516612737,-1.5008983486227,-1.5008983486227,-9.78180402833516,1.34786328335749e-22,5.96269042971005e-22
5,"ELK1(+)",0.00675138948256081,0.0154473772945845,-1.19410543878861,-1.19410543878861,-9.77735112061636,1.40848465008106e-22,6.21311604902803e-22
5,"ZNF174(+)",0.0047473513659528,0.0154133463612575,-1.69898516915076,-1.69898516915076,-9.71101731595758,2.70622424545478e-22,1.18032033991901e-21
5,"HOXB7(+)",0.00952701594606563,0.0197517092165595,-1.05188111533341,-1.05188111533341,-9.69712617992177,3.10110205087678e-22,1.35001115523174e-21
5,"ZNF496(+)",0.0051668608793955,0.0139699046279224,-1.43496205156891,-1.43496205156891,-9.63759273976832,5.54735745287141e-22,2.38808854203779e-21
5,"ZNF283(+)",0.00584216105154621,0.0127982551798656,-1.13137296819056,-1.13137296819056,-9.59988822767114,8.00311637629075e-22,3.41677165145869e-21
5,"ZNF34(+)",0.00503931203472807,0.0110657476828845,-1.13480208153868,-1.13480208153868,-9.59807318376402,8.14528126442302e-22,3.47427286255692e-21
5,"CENPBD1(+)",0.00952408781978657,0.0227279689115293,-1.25481584665155,-1.25481584665155,-9.54812317544015,1.320670629223e-21,5.56671059232383e-21
5,"ZNF443(+)",0.00462167430377864,0.0144506230387954,-1.64464398391174,-1.64464398391174,-9.52372898532849,1.67073824581297e-21,7.01679850976606e-21
5,"ZNF587(+)",0.010939630970808,0.0223458679957756,-1.03044394591808,-1.03044394591808,-9.47162512490151,2.75523244493972e-21,1.14780759701749e-20
5,"ZNF619(+)",0.00636220552872015,0.0155743908339835,-1.29157671816514,-1.29157671816514,-9.41746421471312,4.62113187983878e-21,1.89957146742045e-20
5,"NRL(+)",0.00826546322500519,0.0170104359094581,-1.04125244175667,-1.04125244175667,-9.40679175653927,5.11511485765386e-21,2.09336638888125e-20
5,"SETDB2(+)",0.00526892340651553,0.0120180844099243,-1.18962669337648,-1.18962669337648,-9.39578049016943,5.67951620144875e-21,2.32025969707383e-20
5,"AHDC1(+)",0.00703646452449223,0.0141387573343626,-1.00673259011405,-1.00673259011405,-9.39500607143572,5.7214523327902e-21,2.33328762825377e-20
5,"HHEX(+)",0.00534338062003986,0.011321000771412,-1.0831766627613,-1.0831766627613,-9.38493862789758,6.29530927958173e-21,2.56057019296472e-20
5,"ZNF597(+)",0.00510570676558046,0.0136176581233195,-1.41529585531101,-1.41529585531101,-9.38176835120648,6.48753870193429e-21,2.63644945498555e-20
5,"ZNF222(+)",0.0081991824815346,0.0169697684811957,-1.04941481659835,-1.04941481659835,-9.36122205417791,7.88196991899959e-21,3.18640124227616e-20
5,"THAP9(+)",0.00357258197896828,0.00978843291882174,-1.45411053652846,-1.45411053652846,-9.34217619344589,9.43740950894976e-21,3.8052749278708e-20
5,"ZNF462(+)",0.0111523133963771,0.0223404344553511,-1.00231416872193,-1.00231416872193,-9.34069995773477,9.56993382982696e-21,3.85536362875509e-20
5,"ZNF543(+)",0.00399950090205334,0.0118403999065805,-1.56582568723645,-1.56582568723645,-9.31666877640454,1.20050283097121e-20,4.8113336064377e-20
5,"RFX8(+)",0.00486316481888093,0.0105079671474283,-1.11151604342407,-1.11151604342407,-9.2915243681446,1.52094202855955e-20,6.05898432475053e-20
5,"ZNF417(+)",0.00559027128523898,0.011695670979043,-1.06498429543423,-1.06498429543423,-9.27332552790257,1.80430732630915e-20,7.17552014615242e-20
5,"ZNF419(+)",0.00589883384000158,0.0138982421437267,-1.23640060434924,-1.23640060434924,-9.25868417371849,2.06966945151842e-20,8.19574987408618e-20
5,"ZNF467(+)",0.00614510862898387,0.0153562686522406,-1.32131714520948,-1.32131714520948,-9.25590110639424,2.12430900280062e-20,8.4049534224948e-20
5,"ZNF473(+)",0.00975433087959882,0.0202658188465763,-1.05493357597015,-1.05493357597015,-9.21507471877682,3.11061586786057e-20,1.21725448241047e-19
5,"ZBED2(+)",0.0131082951919805,0.0290253288046939,-1.14683228286453,-1.14683228286453,-9.15846954946018,5.26385207160077e-20,2.04095099103386e-19
5,"ZBTB49(+)",0.00756329012272894,0.0168515769569836,-1.15579763292084,-1.15579763292084,-9.15326642359311,5.5237539630474e-20,2.1381530965296e-19
5,"ZNF546(+)",0.00717119668189285,0.0153482973392509,-1.09779272062175,-1.09779272062175,-9.10551866854321,8.58552153010411e-20,3.28498743882484e-19
5,"ZNF781(+)",0.0123041087218274,0.0282861018599562,-1.20095314828854,-1.20095314828854,-9.05919874803357,1.31412299401134e-19,4.98701087188127e-19
5,"KLF16(+)",0.0039252165656815,0.00926809745825657,-1.23950074908735,-1.23950074908735,-9.00198856408123,2.21665654052563e-19,8.28348321057243e-19
5,"ZNF660(+)",0.00864189778216595,0.0191241728143773,-1.14597718447662,-1.14597718447662,-8.99431697850048,2.37705613594899e-19,8.86861506143219e-19
5,"ZNF181(+)",0.0102151925885475,0.0207274854294054,-1.02082863012189,-1.02082863012189,-8.93860723084469,3.94105930797619e-19,1.45172248101106e-18
5,"TCF7L2(+)",0.00428686268303901,0.0109235911157209,-1.34945290325913,-1.34945290325913,-8.93241188097506,4.16820349022402e-19,1.53296161615919e-18
5,"ZSCAN30(+)",0.00579757943624482,0.0121696215035247,-1.06976158073723,-1.06976158073723,-8.83899762122209,9.65811759854891e-19,3.48036898721953e-18
5,"ZFP37(+)",0.00571290794105509,0.012840434727644,-1.16839671986095,-1.16839671986095,-8.83747298434011,9.79079060741587e-19,3.5227128095621e-18
5,"ZNF16(+)",0.0050585493722946,0.0119373217983409,-1.23868340100571,-1.23868340100571,-8.80850488358251,1.26826041443203e-18,4.52810885859859e-18
5,"ZNF282(+)",0.00864037636782901,0.0185210363518815,-1.09999867684642,-1.09999867684642,-8.73101460904132,2.52398071030172e-18,8.84821916932188e-18
5,"ZNF212(+)",0.00760164855308863,0.0154065179394894,-1.01915650416174,-1.01915650416174,-8.71187194596758,2.98897225852938e-18,1.04154359646429e-17
5,"HOXA3(+)",0.00353376677760864,0.0109922825268988,-1.63721198049742,-1.63721198049742,-8.70190130477115,3.26369372129052e-18,1.13302371714458e-17
5,"ZNF19(+)",0.00682225964257585,0.0155070910640946,-1.18460639440232,-1.18460639440232,-8.69836801929863,3.36691094874301e-18,1.16711204156054e-17
5,"HOXA4(+)",0.00664530913027051,0.0133350855646599,-1.00481875478469,-1.00481875478469,-8.66683465648564,4.44299448614966e-18,1.5309873433357e-17
5,"TBX19(+)",0.00324129726926174,0.00977090934770267,-1.59192119738392,-1.59192119738392,-8.63455107552438,5.89581146390595e-18,2.01961978243681e-17
5,"DBP(+)",0.0347624211996722,0.0172273602232806,1.01282687502935,1.01282687502935,8.55074444818641,1.22297128483149e-17,4.13442621400456e-17
5,"ZNF783(+)",0.00202395386015135,0.00758099605643492,-1.90521049057088,-1.90521049057088,-8.53634509985662,1.38534188829486e-17,4.66636190799827e-17
5,"ZNF154(+)",0.0068985760051266,0.0161471133302534,-1.22690565455633,-1.22690565455633,-8.52722147915017,1.49904694745772e-17,5.0311221610846e-17
5,"TGIF2(+)",0.00466439078264081,0.00955121144473348,-1.0339949106838,-1.0339949106838,-8.51064407813183,1.72969827252032e-17,5.78434015540452e-17
5,"ZNF671(+)",0.00906787983326512,0.019795529741845,-1.12633741131389,-1.12633741131389,-8.47267335959494,2.39824375497233e-17,7.98554999415518e-17
5,"ZFAT(+)",0.00475253158789194,0.0135107858959981,-1.50734327812274,-1.50734327812274,-8.42749086660043,3.53155835746365e-17,1.16755078793015e-16
5,"TSHZ2(+)",0.00908564997763103,0.019119914283749,-1.07341434015563,-1.07341434015563,-8.32848627161353,8.18825638752445e-17,2.66347695518565e-16
5,"LYL1(+)",0.00486921594912108,0.0109341054233925,-1.16707363592525,-1.16707363592525,-8.31507914728629,9.16910571199071e-17,2.97627505466086e-16
5,"ZNF257(+)",0.00247077117751575,0.0109094603575779,-2.14254597663618,-2.14254597663618,-8.2769390246514,1.26381897490599e-16,4.06821839115614e-16
5,"ZNF513(+)",0.00543300228526753,0.0143364990779017,-1.39987104217853,-1.39987104217853,-8.17386873131256,2.98654753957902e-16,9.43708389207113e-16
5,"ZNF23(+)",0.00492827079201394,0.010063325401809,-1.0299535350818,-1.0299535350818,-8.15886436834705,3.38189141632184e-16,1.06573172515705e-15
5,"ZNF202(+)",0.00622035467663048,0.0160708316457999,-1.36937569804985,-1.36937569804985,-8.09722547726134,5.62268004199717e-16,1.7575604841909e-15
5,"ZNF775(+)",0.00484381880258518,0.010356183287154,-1.09627544246979,-1.09627544246979,-7.7974286249764,6.31813513906586e-15,1.88247195131244e-14
5,"ZNF230(+)",0.00765183394820365,0.015606713684271,-1.02828921263813,-1.02828921263813,-7.76257978195975,8.32189880563016e-15,2.46998210556882e-14
5,"ZMAT4(+)",0.00320879563726963,0.0118877895736441,-1.88937634088384,-1.88937634088384,-7.72436705756857,1.12410489468966e-14,3.30929298501946e-14
5,"ZNF555(+)",0.00563697660580905,0.0165942344570028,-1.55768842077305,-1.55768842077305,-7.68990542391877,1.47243829321008e-14,4.30426423660216e-14
5,"PRDM15(+)",0.00660823090089978,0.0146577941952785,-1.14933189078713,-1.14933189078713,-7.65207990889444,1.97754280309255e-14,5.73030961969115e-14
5,"ZNF879(+)",0.00351594049342592,0.0123419927101231,-1.81159249564138,-1.81159249564138,-7.56316695803112,3.93372157516376e-14,1.12374764554955e-13
5,"ZNF564(+)",0.00484478770359832,0.0168087356860495,-1.79470564664616,-1.79470564664616,-7.52473642837108,5.28267804898563e-14,1.49988016733119e-13
5,"ZNF234(+)",0.00560749185905401,0.0147547677105928,-1.39575352267663,-1.39575352267663,-7.48637850046734,7.08000253822891e-14,1.99433667617182e-13
5,"ZNF625(+)",0.00489528088316654,0.0119832714980109,-1.2915581043542,-1.2915581043542,-7.43037834578641,1.08287489927656e-13,3.0282684570377e-13
5,"TIGD6(+)",0.00688526602185422,0.0147979189667147,-1.10380989060102,-1.10380989060102,-7.3287116864024,2.3237569033819e-13,6.38311698179122e-13
5,"ZSCAN12(+)",0.0063410478286223,0.0136634654983468,-1.10753015858763,-1.10753015858763,-7.25112460951949,4.1332519283475e-13,1.12274591854819e-12
5,"EBF4(+)",0.00206225875221456,0.00971234727838477,-2.23559409760513,-2.23559409760513,-7.23520062430771,4.64841456932835e-13,1.26047201836137e-12
5,"ZNF576(+)",0.00433092426875734,0.00954984252165826,-1.14080181561416,-1.14080181561416,-6.94324476170152,3.83194641766047e-12,1.00109061361265e-11
5,"FOXO4(+)",0.00518162868209738,0.0161922359218984,-1.64382448598634,-1.64382448598634,-6.67047996333992,2.54968184928659e-11,6.44707250404801e-11
5,"TFAP2E(+)",0.00750332509572971,0.0159037810603327,-1.08376772751007,-1.08376772751007,-6.39945760712914,1.5592986492275e-10,3.78616948544785e-10
5,"ZNF319(+)",0.00331078357978203,0.0086245461648959,-1.38127556643465,-1.38127556643465,-6.2714365102138,3.57732166694868e-10,8.53449365330078e-10
5,"ZNF512B(+)",0.00780653935044148,0.0202493452313774,-1.37512009870528,-1.37512009870528,-6.13165392878033,8.69701296180317e-10,2.03309638689359e-09
5,"MYB(+)",0.00702497591580892,0.0201691775322717,-1.52158693608333,-1.52158693608333,-6.01384547891569,1.81173214517982e-09,4.15169995775049e-09
5,"ZNF699(+)",0.00500791756488611,0.0121566248576247,-1.27945984840196,-1.27945984840196,-5.788489627408,7.10221335387117e-09,1.57469121855521e-08
5,"ETV1(+)",0.0069711044594379,0.0149279509644427,-1.09855689086183,-1.09855689086183,-5.40096565294571,6.62831172756949e-08,1.39567125904625e-07
5,"ZNF446(+)",0.00828839420007399,0.017482541784036,-1.07675033670678,-1.07675033670678,-5.07389474088316,3.89754707839542e-07,7.86792967368394e-07
5,"TIGD1(+)",0.00469603794492684,0.0103867607616662,-1.14522966310692,-1.14522966310692,-4.92743279787149,8.33170656508184e-07,1.63570486030453e-06
5,"ZNF658(+)",0.00381547101705198,0.00858669878090861,-1.17024220552346,-1.17024220552346,-4.77138742303025,1.82961232178163e-06,3.51470191673933e-06
5,"ZNF573(+)",0.00193257984508534,0.00581881876586345,-1.59019779299671,-1.59019779299671,-4.72726975579459,2.27558865611843e-06,4.35701125625315e-06
5,"ZSCAN21(+)",0.00414610924158822,0.0113150496919666,-1.44841266584276,-1.44841266584276,-4.68412011197605,2.81165105057846e-06,5.35470239029806e-06
5,"NR3C2(+)",0.0032406969234192,0.00721873117462823,-1.15544093057781,-1.15544093057781,-4.58477670879316,4.54471853886995e-06,8.54318802632574e-06
5,"ZNF268(+)",0.00556700923942065,0.0122255732338857,-1.13492758812472,-1.13492758812472,-4.5777827396044,4.69930386572329e-06,8.81593960269978e-06
5,"ZNF598(+)",0.0287459674840979,0.0140524653467142,1.03253627768745,1.03253627768745,4.37086773419301,1.23753743673636e-05,2.27118190187294e-05
