"regulon","avg_log2FC","pval","gene","p_val_adj","sig"
"MYB(+)",1.19147879413846,0,"MYB",0,"Upregulated in Activated Stressed NK"
"ATF3(+)",1.04467133986265,0,"ATF3",0,"Upregulated in Activated Stressed NK"
"SNAI1(+)",1.02313610206565,0,"SNAI1",0,"Upregulated in Activated Stressed NK"
"NR4A1(+)",1.02285901747135,0,"NR4A1",0,"Upregulated in Activated Stressed NK"
"EGR3(+)",0.949127735668332,0,"EGR3",0,"NS"
"KLF5(+)",0.912734172202748,0,"KLF5",0,"NS"
"ZFHX2(+)",0.912729836494858,0,"ZFHX2",0,"NS"
"ZXDA(+)",0.885783309046552,0,"ZXDA",0,"NS"
"EGR1(+)",0.874563332208879,0,"EGR1",0,"NS"
"FOS(+)",0.86328275740457,0,"FOS",0,"NS"
"ERF(+)",0.852372741309661,0,"ERF",0,"NS"
"JUN(+)",0.845334342402119,0,"JUN",0,"NS"
"MXD1(+)",0.798804055962967,0,"MXD1",0,"NS"
"ZNF211(+)",0.789183229533893,0,"ZNF211",0,"NS"
"ZBTB48(+)",0.770947225279177,0,"ZBTB48",0,"NS"
"FOSB(+)",0.769491590783312,0,"FOSB",0,"NS"
"TSC22D1(+)",0.755910005853397,0,"TSC22D1",0,"NS"
"ZNF781(+)",0.747241670453713,0,"ZNF781",0,"NS"
"HEY1(+)",0.74631088837934,0,"HEY1",0,"NS"
"JUNB(+)",0.696851891947695,0,"JUNB",0,"NS"
"EGR4(+)",0.695739962411961,0,"EGR4",0,"NS"
"ZNF296(+)",0.694247932922846,0,"ZNF296",0,"NS"
"TOPORS(+)",0.67922457048903,0,"TOPORS",0,"NS"
"KLF4(+)",0.648794091756806,0,"KLF4",0,"NS"
"CSRNP1(+)",0.637557526994418,0,"CSRNP1",0,"NS"
"MAFG(+)",0.626457382232554,0,"MAFG",0,"NS"
"ZNF267(+)",0.605849345606935,0,"ZNF267",0,"NS"
"NKRF(+)",0.5821621699434,0,"NKRF",0,"NS"
"EGR2(+)",0.581507456048574,0,"EGR2",0,"NS"
"DDIT3(+)",0.571747523056402,0,"DDIT3",0,"NS"
"ETS2(+)",0.532610913024119,0,"ETS2",0,"NS"
"KLF6(+)",0.513902923051923,0,"KLF6",0,"NS"
"DLX2(+)",0.510359120885091,0,"DLX2",0,"NS"
"MYC(+)",0.491533578166915,0,"MYC",0,"NS"
"RFX1(+)",0.489730579601177,0,"RFX1",0,"NS"
"HES1(+)",0.485752069536201,0,"HES1",0,"NS"
"AHR(+)",0.474579628560266,0,"AHR",0,"NS"
"TSHZ2(+)",0.474512772030483,0,"TSHZ2",0,"NS"
"SNAPC4(+)",0.474496512767484,0,"SNAPC4",0,"NS"
"AHDC1(+)",0.47370370104351,0,"AHDC1",0,"NS"
"THAP2(+)",0.47337348251404,0,"THAP2",0,"NS"
"NFKB2(+)",0.465359788353955,0,"NFKB2",0,"NS"
"CSRNP2(+)",0.463547778629479,0,"CSRNP2",0,"NS"
"ZNF433(+)",0.457913212510213,0,"ZNF433",0,"NS"
"TGIF1(+)",0.456723100603705,0,"TGIF1",0,"NS"
"HES4(+)",0.449521253900346,0,"HES4",0,"NS"
"ZNF440(+)",0.42951988648835,0,"ZNF440",0,"NS"
"ZNF514(+)",0.420114013109226,0,"ZNF514",0,"NS"
"ZNF165(+)",0.406842238654685,0,"ZNF165",0,"NS"
"ZNF566(+)",0.400357942002051,0,"ZNF566",0,"NS"
"GPBP1(+)",0.399923940620061,0,"GPBP1",0,"NS"
"NR4A2(+)",0.394475171454481,0,"NR4A2",0,"NS"
"NKX3-1(+)",0.390268957734441,0,"NKX3-1",0,"NS"
"TCF7(+)",0.380465432724835,0,"TCF7",0,"NS"
"MAFF(+)",0.378015227716517,0,"MAFF",0,"NS"
"NR1D1(+)",0.376294964250714,0,"NR1D1",0,"NS"
"ZBED2(+)",0.368864679374586,0,"ZBED2",0,"NS"
"ZNF331(+)",0.366432970574798,0,"ZNF331",0,"NS"
"ZBTB10(+)",0.36418264517222,0,"ZBTB10",0,"NS"
"ZNF324(+)",0.362459928490184,0,"ZNF324",0,"NS"
"DEAF1(+)",0.362354661223388,0,"DEAF1",0,"NS"
"ZNF600(+)",0.348298082059784,0,"ZNF600",0,"NS"
"ZNF570(+)",0.343420215748841,0,"ZNF570",0,"NS"
"GTF2B(+)",0.343181200841761,0,"GTF2B",0,"NS"
"VDR(+)",0.339550424412575,0,"VDR",0,"NS"
"REL(+)",0.339235295318693,0,"REL",0,"NS"
"ZNF222(+)",0.339077646693691,0,"ZNF222",0,"NS"
"ATF4(+)",0.338968825425221,0,"ATF4",0,"NS"
"TFE3(+)",0.316318652388211,0,"TFE3",0,"NS"
"IKZF4(+)",0.30823341332267,0,"IKZF4",0,"NS"
"ZNF12(+)",0.303594151168422,0,"ZNF12",0,"NS"
"KLF10(+)",0.302276559873437,0,"KLF10",0,"NS"
"DACH1(+)",0.301467507842993,0,"DACH1",0,"NS"
"ZNF337(+)",0.290536441947015,0,"ZNF337",0,"NS"
"YBX3(+)",0.284562925325349,0,"YBX3",0,"NS"
"ZNF131(+)",0.282658849583361,0,"ZNF131",0,"NS"
"THAP3(+)",0.281660040187642,0,"THAP3",0,"NS"
"GZF1(+)",0.277122098195792,0,"GZF1",0,"NS"
"ZBTB33(+)",0.276275653346298,0,"ZBTB33",0,"NS"
"ZBTB43(+)",0.27607643014228,0,"ZBTB43",0,"NS"
"ZNF3(+)",0.275341041872973,0,"ZNF3",0,"NS"
"ZNF791(+)",0.271980290534817,0,"ZNF791",0,"NS"
"BCL6(+)",0.268716230449638,0,"BCL6",0,"NS"
"IRF4(+)",0.249813145719173,0,"IRF4",0,"NS"
"KDM2B(+)",0.246798228191889,0,"KDM2B",0,"NS"
"ATF5(+)",0.225564275203995,0,"ATF5",0,"NS"
"SAFB2(+)",0.218676261374714,0,"SAFB2",0,"NS"
"ZNF667(+)",0.218387698894969,0,"ZNF667",0,"NS"
"ZNF335(+)",0.21476474844522,0,"ZNF335",0,"NS"
"RBPJ(+)",0.21211972079388,0,"RBPJ",0,"NS"
"NFKB1(+)",0.205649498626083,0,"NFKB1",0,"NS"
"ZNF426(+)",0.202974696606294,0,"ZNF426",0,"NS"
"GATA3(+)",0.201888356713748,0,"GATA3",0,"NS"
"ELF1(+)",0.184957945407201,0,"ELF1",0,"NS"
"HBP1(+)",0.179786191187331,0,"HBP1",0,"NS"
"ZNF101(+)",0.178255297340313,0,"ZNF101",0,"NS"
"MTERF4(+)",0.178150209762441,0,"MTERF4",0,"NS"
"SKIL(+)",0.175682834156925,0,"SKIL",0,"NS"
"STAT5A(+)",0.170166135206741,0,"STAT5A",0,"NS"
"RARA(+)",0.163641472429967,0,"RARA",0,"NS"
"CENPA(+)",0.102904387650728,0,"CENPA",0,"NS"
"JUND(+)",0.0990946133983737,0,"JUND",0,"NS"
"IRF1(+)",0.0917064352152816,0,"IRF1",0,"NS"
"PRDM1(+)",-0.657173652413061,0,"PRDM1",0,"NS"
"ASCL2(+)",-1.19694446116498,0,"ASCL2",0,"Upregulated in Mature Cytotoxic NK"
"KLF3(+)",-0.986924073712578,3.94467938758952e-310,"KLF3",3.45717655761383e-309,"NS"
"MYBL1(+)",-0.804461317315146,8.6775092190833e-301,"MYBL1",7.53402435937232e-300,"NS"
"TBX21(+)",-0.817217370037877,6.59164204536169e-300,"TBX21",5.6700328334639e-299,"NS"
"KLF13(+)",-0.538889777202763,6.46864302459517e-281,"KLF13",5.51318290811827e-280,"NS"
"KLF2(+)",-0.590613408300269,1.63423925062493e-271,"KLF2",1.38018933075505e-270,"NS"
"AKNA(+)",-0.621956022907077,1.33013718758363e-203,"AKNA",1.11324094348215e-202,"NS"
"ZNF90(+)",-0.391977640047226,3.17207887239731e-201,"ZNF90",2.63112613612241e-200,"NS"
"ZNF276(+)",-0.528569359873496,2.21938529945598e-198,"ZNF276",1.82460968424301e-197,"NS"
"ZEB2(+)",-0.523829397935648,8.26407512242385e-173,"ZEB2",6.73449630590505e-172,"NS"
"ETS1(+)",-0.274734110779969,7.65356243987222e-150,"ETS1",6.18274739707939e-149,"NS"
"RORA(+)",-0.33176163008458,5.84745877995521e-138,"RORA",4.68300793670551e-137,"NS"
"ZBTB7A(+)",-0.269133799448478,2.13540202827452e-123,"ZBTB7A",1.69554571304874e-122,"NS"
"RUNX3(+)",-0.303047205307836,6.05082309730471e-113,"RUNX3",4.76374123508142e-112,"NS"
"IKZF1(+)",-0.32604268073657,6.20178045324181e-112,"IKZF1",4.84155801769886e-111,"NS"
"SON(+)",-0.133486678014331,8.19280388281042e-100,"SON",6.34259567260907e-99,"NS"
"YY1(+)",-0.177006166270553,2.35528496741157e-90,"YY1",1.80831383035153e-89,"NS"
"MEF2C(+)",-0.458028812204427,4.0459250567875e-89,"MEF2C",3.08087244078327e-88,"NS"
"ZBTB44(+)",-0.357575339478856,1.73846340594731e-86,"ZBTB44",1.31303455619923e-85,"NS"
"MXD4(+)",-0.256491384378317,1.2488500060953e-83,"MXD4",9.35630367469784e-83,"NS"
"ZNF655(+)",-0.310739248687068,6.45247827665897e-75,"ZNF655",4.79548185521295e-74,"NS"
"ZNF207(+)",-0.113758426217818,2.10458412811776e-69,"ZNF207",1.55171321827095e-68,"NS"
"TFEB(+)",-0.58485158927972,5.06897082282813e-68,"TFEB",3.70793220032074e-67,"NS"
"MAF(+)",-0.346630956786176,1.94601629253118e-65,"MAF",1.41238213731364e-64,"NS"
"GLMP(+)",-0.371354644276082,1.61438074590636e-64,"GLMP",1.1626044286411e-63,"NS"
"ZNF765(+)",-0.560479640989199,2.06671230239057e-63,"ZNF765",1.47690440686219e-62,"NS"
"ZNF672(+)",-0.293851870893188,1.85704180212681e-62,"ZNF672",1.31694033143192e-61,"NS"
"REST(+)",-0.148892907103976,1.54719549744157e-61,"REST",1.08889743721456e-60,"NS"
"ZNF292(+)",-0.299223177061308,6.82401667055673e-59,"ZNF292",4.76654999018587e-58,"NS"
"ELK1(+)",-0.638522635534808,1.46985938546913e-58,"ELK1",1.01902937992598e-57,"NS"
"CREBZF(+)",-0.170852746465284,2.35125098536797e-58,"CREBZF",1.61800901141247e-57,"NS"
"ZNF182(+)",-0.375075701314986,4.70354127830894e-56,"ZNF182",3.21293371143309e-55,"NS"
"HOXB4(+)",-0.539919169166014,2.84537458492429e-55,"HOXB4",1.92945473678443e-54,"NS"
"ATF6B(+)",-0.285127787255021,1.02085928359237e-53,"ATF6B",6.87230633664717e-53,"NS"
"KLF9(+)",-0.362681750107244,4.28735754535236e-53,"KLF9",2.86543536664197e-52,"NS"
"FOXD2(+)",-1.01187474806457,1.02954524502192e-50,"FOXD2",6.83176809018114e-50,"Upregulated in Mature Cytotoxic NK"
"TERF1(+)",-0.17920566389893,1.18457238795518e-47,"TERF1",7.80473580432883e-47,"NS"
"MAZ(+)",-0.107185437150044,1.30655157688615e-43,"MAZ",8.54779165441715e-43,"NS"
"ZNF775(+)",-0.650049197137381,2.31358298855723e-42,"ZNF775",1.5030199974613e-41,"NS"
"ZBTB38(+)",-0.199110425859742,2.36944113783062e-42,"ZBTB38",1.52861862294767e-41,"NS"
"IRF3(+)",-0.183105277521402,3.73689328176935e-42,"IRF3",2.39418886811291e-41,"NS"
"XBP1(+)",-0.150906037924975,7.13824665760579e-42,"XBP1",4.54207612665464e-41,"NS"
"ZFPM1(+)",-0.281768364913723,3.42953974200086e-41,"ZFPM1",2.16737579613524e-40,"NS"
"ZNF175(+)",-0.392438679263546,5.32118534454082e-39,"ZNF175",3.34012242235029e-38,"NS"
"ZNF582(+)",-0.345069905954307,5.58519874228639e-38,"ZNF582",3.48231518898259e-37,"NS"
"PBX2(+)",-0.297274834652466,1.98573389990675e-34,"PBX2",1.22983119534225e-33,"NS"
"HMGN3(+)",-0.098790179308057,2.83700785260577e-33,"HMGN3",1.74541741395414e-32,"NS"
"ARNTL(+)",-0.320687032906182,6.29478411075893e-32,"ARNTL",3.84727265716779e-31,"NS"
"NFATC3(+)",-0.142089727246105,1.8729697925542e-31,"NFATC3",1.1372476714267e-30,"NS"
"POU5F2(+)",-0.355242816056332,2.92163368522269e-31,"POU5F2",1.76246603478693e-30,"NS"
"SMAD5(+)",-0.200199046998734,7.24500407303426e-31,"SMAD5",4.3423282476444e-30,"NS"
"ZNF620(+)",-0.587111494961944,1.15570489995728e-30,"ZNF620",6.88237084654049e-30,"NS"
"GTF2I(+)",-0.0777249183399407,5.04179964644777e-30,"GTF2I",2.98333240226113e-29,"NS"
"ZNF181(+)",-0.439181827066823,5.45532222947224e-30,"ZNF181",3.20759136150615e-29,"NS"
"ZSCAN32(+)",-0.222762912859422,1.22735104656396e-29,"ZSCAN32",7.17112655508124e-29,"NS"
"ZNF446(+)",-0.429817769515723,1.95816888584443e-29,"ZNF446",1.13696180934342e-28,"NS"
"ZNF92(+)",-0.294305318536179,8.4360735953544e-29,"ZNF92",4.86777165843742e-28,"NS"
"ZNF619(+)",-0.553040853851033,1.84845472176666e-28,"ZNF619",1.06000891143285e-27,"NS"
"E2F2(+)",-0.161783736182959,1.02166439354797e-27,"E2F2",5.82286025525194e-27,"NS"
"ZKSCAN1(+)",-0.18835511087258,1.61973214556313e-27,"ZKSCAN1",9.17519001968382e-27,"NS"
"KMT2B(+)",-0.281099865068517,2.50935947506053e-27,"KMT2B",1.41284542565529e-26,"NS"
"ZNF91(+)",-0.169597766427971,2.96731073655628e-27,"ZNF91",1.66062149051854e-26,"NS"
"SLC2A4RG(+)",-0.141727990192965,3.52915193004151e-27,"SLC2A4RG",1.96322284012489e-26,"NS"
"REPIN1(+)",-0.14348671335419,1.01431948083539e-26,"REPIN1",5.60894522438139e-26,"NS"
"ZNF510(+)",-0.347490045267851,2.37230676206882e-26,"ZNF510",1.30406685323191e-25,"NS"
"ZNF785(+)",-0.23178262363058,2.5281713716568e-26,"ZNF785",1.38157129662892e-25,"NS"
"MAFK(+)",-0.25638629372042,4.23333405722344e-26,"MAFK",2.29986394102957e-25,"NS"
"TBX19(+)",-0.539481017331908,5.85076299073611e-26,"TBX19",3.16009233627549e-25,"NS"
"ZNF487(+)",-0.301012331620753,3.72037391758005e-25,"ZNF487",1.99781928868894e-24,"NS"
"GTF3A(+)",-0.0820350248179119,6.18981702320539e-25,"GTF3A",3.30479311181483e-24,"NS"
"SP3(+)",-0.187961007866623,1.21564858353661e-24,"SP3",6.4533573377458e-24,"NS"
"ZNF428(+)",-0.0906761341678204,4.83741529515469e-24,"ZNF428",2.55338568704472e-23,"NS"
"ZFAT(+)",-0.495362983524637,2.81968621213427e-23,"ZFAT",1.47993700060606e-22,"NS"
"ZNF789(+)",-0.145095202884016,1.81525872486113e-22,"ZNF789",9.47401885053925e-22,"NS"
"FOXN3(+)",-0.162771281337862,3.09923318235727e-22,"FOXN3",1.60848470749157e-21,"NS"
"ZNF430(+)",-0.26685593221275,1.10918084222757e-21,"ZNF430",5.72460556905229e-21,"NS"
"DRAP1(+)",-0.0721512484923009,1.92292451436604e-21,"DRAP1",9.86959598809973e-21,"NS"
"E4F1(+)",-0.304326690697689,3.19474588343064e-21,"E4F1",1.63072468445443e-20,"NS"
"DNMT1(+)",-0.0573286295347357,3.74640665973105e-21,"DNMT1",1.90186436442084e-20,"NS"
"SETBP1(+)",-0.247989599172581,3.88544284214979e-21,"SETBP1",1.96172630454193e-20,"NS"
"MBD2(+)",-0.0860414944639448,8.97261574446355e-21,"MBD2",4.50570812249007e-20,"NS"
"NR1D2(+)",-0.220421940755836,1.41016231063473e-20,"NR1D2",7.04323003537452e-20,"NS"
"MYSM1(+)",-0.306189352043972,1.53154794642546e-20,"MYSM1",7.60859915630614e-20,"NS"
"ZNF273(+)",-0.266941700098081,1.60306991331426e-20,"ZNF273",7.92155292270716e-20,"NS"
"PIN1(+)",-0.0745447248473819,2.57408520798924e-20,"PIN1",1.26525140646667e-19,"NS"
"ELF2(+)",-0.186010491512491,3.30444012476567e-20,"ELF2",1.61569730310911e-19,"NS"
"DR1(+)",-0.0931138533864944,3.73193615283564e-20,"DR1",1.81516685130069e-19,"NS"
"ZNF580(+)",-0.249332777803372,7.4113534535773e-20,"ZNF580",3.58601424915277e-19,"NS"
"BPTF(+)",-0.122910063804704,8.991282845686e-20,"BPTF",4.32792837494419e-19,"NS"
"EBF4(+)",-0.638806054875249,1.29379036488096e-19,"EBF4",6.19552190192995e-19,"NS"
"NFIC(+)",-0.123621150734667,1.35228888472077e-19,"NFIC",6.44244294310559e-19,"NS"
"PHF20(+)",-0.162106505033939,1.81564752123061e-19,"PHF20",8.60579871032261e-19,"NS"
"PA2G4(+)",-0.0674710667255953,2.71108121443796e-19,"PA2G4",1.27847433919435e-18,"NS"
"CDC5L(+)",-0.079916863386937,3.28443471405141e-19,"CDC5L",1.54103022694634e-18,"NS"
"SP2(+)",-0.262576996671826,9.44046071748997e-19,"SP2",4.40712965153175e-18,"NS"
"ZNF467(+)",-0.413165934161259,3.00038770432417e-18,"ZNF467",1.39368008865858e-17,"NS"
"PHF19(+)",-0.0577527329487455,3.44782598441822e-18,"PHF19",1.59354743259927e-17,"NS"
"ZNF721(+)",-0.1837841174322,4.75533022008652e-18,"ZNF721",2.18698107646553e-17,"NS"
"ZNF419(+)",-0.36425988033906,5.04312312251779e-18,"ZNF419",2.30791201025568e-17,"NS"
"TFAP2E(+)",-0.32654294617682,5.18733373019284e-18,"TFAP2E",2.36227109575939e-17,"NS"
"CEBPG(+)",-0.201414095464552,5.39433656455536e-18,"CEBPG",2.44455544803509e-17,"NS"
"TFDP2(+)",-0.140968067319874,5.87759595899192e-18,"TFDP2",2.65062458539004e-17,"NS"
"CASZ1(+)",-0.186570972213159,6.64538555629196e-18,"CASZ1",2.97612078813703e-17,"NS"
"PATZ1(+)",-0.373572831394674,6.66343513382671e-18,"PATZ1",2.97612078813703e-17,"NS"
"ZNF837(+)",-0.306582780630235,8.26098396872778e-18,"ZNF837",3.67198761097996e-17,"NS"
"HINFP(+)",-0.104287438555276,1.04001095759572e-17,"HINFP",4.60081037907821e-17,"NS"
"ZNF652(+)",-0.120746174356296,2.10849657021872e-17,"ZNF652",9.28338063380658e-17,"NS"
"ZNF202(+)",-0.586134615550191,4.32092495168037e-17,"ZNF202",1.89346192458069e-16,"NS"
"ZNF646(+)",-0.298186152669527,5.11561426089619e-17,"ZNF646",2.23117636073829e-16,"NS"
"ZNF22(+)",-0.0862486604649951,6.57856160252727e-17,"ZNF22",2.85583351810647e-16,"NS"
"PRR12(+)",-0.163852452934969,7.66318390455178e-17,"PRR12",3.31120830108307e-16,"NS"
"ZNF831(+)",-0.33552469761533,9.82861476727692e-17,"ZNF831",4.22721440685197e-16,"NS"
"THAP4(+)",0.22086115811313,2.22044604925031e-16,"THAP4",9.50596488365687e-16,"NS"
"ZNF506(+)",-0.135106099668568,2.72866939636773e-16,"ZNF506",1.16281370147964e-15,"NS"
"NFYA(+)",0.227575183132223,4.44089209850063e-16,"NFYA",1.88383048379319e-15,"NS"
"ZNF589(+)",-0.187165672925636,7.26159069609796e-16,"ZNF589",3.06637170757955e-15,"NS"
"ZNF444(+)",-0.232713887687593,9.91983946037756e-16,"ZNF444",4.16992346547093e-15,"NS"
"MLX(+)",-0.118071192027684,9.96970134573793e-16,"MLX",4.17200565323898e-15,"NS"
"ZFP64(+)",0.262011423470133,1.11022302462516e-15,"ZFP64",4.62509950617386e-15,"NS"
"CREM(+)",0.106258829514634,1.33226762955019e-15,"CREM",5.52534208862556e-15,"NS"
"ZNF74(+)",-0.298367148870045,1.33880174735231e-15,"ZNF74",5.52776365906796e-15,"NS"
"ZNF300(+)",-0.254089358182338,1.74635328939967e-15,"ZNF300",7.17859383120484e-15,"NS"
"DNTTIP1(+)",-0.0984903263246863,2.09171073282323e-15,"DNTTIP1",8.56034921054088e-15,"NS"
"ZNF528(+)",-0.176330150725157,2.11689273107622e-15,"ZNF528",8.62540941741145e-15,"NS"
"SP140L(+)",-0.182032323503397,2.56636409448724e-15,"SP140L",1.04111451693391e-14,"NS"
"ZNF665(+)",-0.233445790685402,3.71227132135711e-15,"ZNF665",1.49943480762641e-14,"NS"
"FOXD1(+)",0.316823225884008,4.44089209850063e-15,"FOXD1",1.78596915995978e-14,"NS"
"STAT3(+)",0.0911604223782084,1.15463194561016e-14,"STAT3",4.62350464427518e-14,"NS"
"RBAK(+)",-0.341208960994149,1.59134857679936e-14,"RBAK",6.34490484054336e-14,"NS"
"ZNF507(+)",-0.138895679230769,1.84835929058136e-14,"ZNF507",7.33814436303453e-14,"NS"
"ZNF623(+)",0.318208189099943,1.97619698383278e-14,"ZNF623",7.81228509779001e-14,"NS"
"ARID2(+)",0.164489564364389,2.1094237467878e-14,"ARID2",8.30362144392315e-14,"NS"
"ZNF696(+)",0.187229799821324,2.42028619368284e-14,"ZNF696",9.48711339211544e-14,"NS"
"ZNF565(+)",-0.22217018553178,2.61676334087439e-14,"ZNF565",1.02141728725727e-13,"NS"
"ZNF562(+)",0.20291149720386,2.77555756156289e-14,"ZNF562",1.07886735342758e-13,"NS"
"ZNF746(+)",-0.263074078188493,2.88667343804275e-14,"ZNF746",1.11738317664238e-13,"NS"
"ZNF37A(+)",-0.135241142383563,3.41606415788243e-14,"ZNF37A",1.31681477289327e-13,"NS"
"ZHX1(+)",-0.226116983327146,3.74961091057071e-14,"ZHX1",1.43941675038024e-13,"NS"
"ZNF780A(+)",-0.248505011138135,4.82870585713779e-14,"ZNF780A",1.84603610752305e-13,"NS"
"FOXP1(+)",-0.101914163302172,6.44540368781053e-14,"FOXP1",2.4540082073672e-13,"NS"
"KDM2A(+)",-0.101673552525123,8.69703729177958e-14,"KDM2A",3.29777454859724e-13,"NS"
"NR3C2(+)",0.40147788769805,8.90398865749376e-14,"NR3C2",3.36252254585841e-13,"NS"
"ZNF248(+)",-0.277929381874564,1.14868640869998e-13,"ZNF248",4.32036305134526e-13,"NS"
"EOMES(+)",-0.0985674494243626,2.23440163278924e-13,"EOMES",8.36999643895648e-13,"NS"
"ZNF169(+)",-0.326789262851851,2.72925133220896e-13,"ZNF169",1.01826284643459e-12,"NS"
"ZBTB49(+)",-0.358273710510113,2.95160056506127e-13,"ZBTB49",1.09681476997677e-12,"NS"
"BCL11B(+)",-0.139168903330537,3.56857611230668e-13,"BCL11B",1.32079968459478e-12,"NS"
"MXD3(+)",0.0623531500167339,4.91162666094169e-13,"MXD3",1.81067506667255e-12,"NS"
"ARID5A(+)",0.125676591574657,6.41930952838266e-13,"ARID5A",2.35712986239822e-12,"NS"
"ZNF24(+)",0.21706780300732,6.45705711121991e-13,"ZNF24",2.36165592768634e-12,"NS"
"ZNF790(+)",-0.217019704036813,7.24402108646841e-13,"ZNF790",2.63909630954084e-12,"NS"
"ZNF830(+)",-0.122336437065601,8.12898557389289e-13,"ZNF830",2.94993265552597e-12,"NS"
"ZNF564(+)",-0.282496534792543,1.09770681163904e-12,"ZNF564",3.96797520627496e-12,"NS"
"NFIL3(+)",-0.0989860067567976,1.84078359893167e-12,"NFIL3",6.6282479201842e-12,"NS"
"ZC3H8(+)",0.136039440462679,2.12252437847837e-12,"ZC3H8",7.61322450813286e-12,"NS"
"ZBTB37(+)",-0.182747214690118,2.26174641789967e-12,"ZBTB37",8.0813939316492e-12,"NS"
"GTF2IRD2B(+)",-0.155741944151374,2.42447862960808e-12,"GTF2IRD2B",8.62965765098048e-12,"NS"
"FBXL19(+)",0.447533428164487,2.4882318427899e-12,"FBXL19",8.82277626699167e-12,"NS"
"ZNF683(+)",0.0947815308795462,2.54485321704578e-12,"ZNF683",8.98923436743549e-12,"NS"
"HIVEP3(+)",-0.0933547529671262,2.85504309335706e-12,"HIVEP3",1.00467236126088e-11,"NS"
"ZNF577(+)",0.180527761496144,3.48610029732299e-12,"ZNF577",1.22210836838229e-11,"NS"
"NFE2L3(+)",0.245751604823466,3.92219590139575e-12,"NFE2L3",1.36676819108258e-11,"NS"
"BACH1(+)",-0.11560782716448,3.92817122733098e-12,"BACH1",1.36676819108258e-11,"NS"
"TIGD6(+)",-0.216896610914978,4.3111333452114e-12,"TIGD6",1.49441898421694e-11,"NS"
"ZFY(+)",0.146722897200715,4.59809967878755e-12,"ZFY",1.58796825338053e-11,"NS"
"ZBTB26(+)",0.387734648525594,4.65827376672223e-12,"ZBTB26",1.6027912330685e-11,"NS"
"MTERF1(+)",0.181880794363914,4.67714755814086e-12,"MTERF1",1.60334689354718e-11,"NS"
"ATMIN(+)",-0.250378534361287,5.01179382061578e-12,"ATMIN",1.7117486982912e-11,"NS"
"KMT2A(+)",-0.0925956210041995,7.71905316594655e-12,"KMT2A",2.62674007002357e-11,"NS"
"ARID5B(+)",-0.116711288099274,7.97004190108055e-12,"ARID5B",2.70098578834053e-11,"NS"
"SRCAP(+)",-0.172431061361352,8.01027106917872e-12,"SRCAP",2.70098578834053e-11,"NS"
"ZNF836(+)",-0.218822629895249,8.02445723984914e-12,"ZNF836",2.70098578834053e-11,"NS"
"CARF(+)",-0.210766283125842,9.31688203050014e-12,"CARF",3.12468715030131e-11,"NS"
"GABPA(+)",-0.162137729427418,1.30301452523318e-11,"GABPA",4.35431832353103e-11,"NS"
"REXO4(+)",-0.109242142752482,1.38572191671937e-11,"REXO4",4.61410631051001e-11,"NS"
"SATB1(+)",0.151566618031929,1.91149318595762e-11,"SATB1",6.34206132055226e-11,"NS"
"IKZF3(+)",-0.0363221755588817,2.10146298556039e-11,"IKZF3",6.94754132948614e-11,"NS"
"RBCK1(+)",-0.0533619160863374,2.56800629817734e-11,"RBCK1",8.45985053548494e-11,"NS"
"ZFP37(+)",-0.20761490976991,3.09102609125573e-11,"ZFP37",1.01468665681151e-10,"NS"
"ZNF607(+)",-0.177026967473567,3.43430119187091e-11,"ZNF607",1.12340345325637e-10,"NS"
"TCF12(+)",-0.0761230539795065,4.42124606712454e-11,"TCF12",1.44117108644165e-10,"NS"
"ZBED5(+)",-0.156754123740335,5.55857121163509e-11,"ZBED5",1.80556386559755e-10,"NS"
"ARNT(+)",-0.165762268215294,6.22204017300672e-11,"ARNT",2.01403321279556e-10,"NS"
"ZNF703(+)",0.180264710610185,1.04783737242542e-10,"ZNF703",3.38000319091394e-10,"NS"
"GATAD2A(+)",-0.145666051197322,1.15189296601283e-10,"GATAD2A",3.70279780424192e-10,"NS"
"ZNF84(+)",-0.218594921525111,1.20225398347732e-10,"ZNF84",3.85135845051872e-10,"NS"
"ZNF615(+)",-0.182815894277285,1.21968428603086e-10,"ZNF615",3.89376873444216e-10,"NS"
"CTCF(+)",-0.0622095783832356,1.25336411558728e-10,"CTCF",3.98758651842666e-10,"NS"
"ZNF468(+)",-0.176238611315918,1.34993816527804e-10,"ZNF468",4.28017937045493e-10,"NS"
"CEBPA(+)",-0.0332130217514349,1.46331193792082e-10,"CEBPA",4.6238666337702e-10,"NS"
"ZNF526(+)",-0.160455512959589,1.55412768142693e-10,"ZNF526",4.89418513913769e-10,"NS"
"SKI(+)",0.112790892250302,1.62792002100787e-10,"SKI",5.10924898485239e-10,"NS"
"ZNF277(+)",0.108326483488471,2.01821670486879e-10,"ZNF277",6.31287312735053e-10,"NS"
"ZNF395(+)",0.141443853805162,2.60459875889296e-10,"ZNF395",8.11970552688443e-10,"NS"
"PKNOX1(+)",-0.111537210782159,2.80951027939779e-10,"PKNOX1",8.72921421257707e-10,"NS"
"PHF1(+)",0.137245949894218,3.206619414442e-10,"PHF1",9.92983145338873e-10,"NS"
"THAP11(+)",0.153573410196112,3.4089064904208e-10,"THAP11",1.05211765103021e-09,"NS"
"YBX1(+)",-0.0413493311330488,3.73589233226994e-10,"YBX1",1.14921985982741e-09,"NS"
"ZNF574(+)",0.190967392001098,3.77474718149529e-10,"ZNF574",1.15733997742875e-09,"NS"
"THAP6(+)",-0.17923995442756,3.79432101113496e-10,"THAP6",1.15951454583697e-09,"NS"
"ZNF382(+)",-0.201950764712779,4.68993567026799e-10,"ZNF382",1.42850827464884e-09,"NS"
"ZNF684(+)",-0.162497482337978,5.03388263492917e-10,"ZNF684",1.52826044700954e-09,"NS"
"TSHZ1(+)",-0.146664759166528,5.3133967568077e-10,"TSHZ1",1.60786501207634e-09,"NS"
"GATAD2B(+)",-0.108885454777121,5.38124867808878e-10,"GATAD2B",1.62311039673522e-09,"NS"
"ZNF625(+)",0.331501909154913,5.85817394593846e-10,"ZNF625",1.76124388212842e-09,"NS"
"TIGD7(+)",-0.188272042183433,7.54974609255605e-10,"TIGD7",2.26248842580148e-09,"NS"
"ZNF224(+)",-0.10452517017401,9.27700843836769e-10,"ZNF224",2.77117068785967e-09,"NS"
"ZNF213(+)",-0.195241659153906,9.71654450650796e-10,"ZNF213",2.89316341235445e-09,"NS"
"ZMAT1(+)",-0.272898475015412,1.42450209134685e-09,"ZMAT1",4.22799502511573e-09,"NS"
"ZNF33B(+)",0.151335189179425,1.43251210893425e-09,"ZNF33B",4.23822850063667e-09,"NS"
"NAIF1(+)",0.26517015706446,1.56857238309271e-09,"NAIF1",4.62604363140677e-09,"NS"
"CREBL2(+)",-0.17016839866855,1.67381012396172e-09,"CREBL2",4.92078988974822e-09,"NS"
"ZNF484(+)",-0.148436763449733,1.74784202228714e-09,"ZNF484",5.12222472777524e-09,"NS"
"ZNF561(+)",-0.211991925231499,1.80935442960459e-09,"ZNF561",5.28581844371908e-09,"NS"
"MNT(+)",-0.144059225569467,1.97767427966203e-09,"MNT",5.75943387400007e-09,"NS"
"ZNF398(+)",-0.222905509284186,2.05320451827517e-09,"ZNF398",5.96070936711762e-09,"NS"
"ZNF16(+)",-0.365675397449336,2.09507191982873e-09,"ZNF16",6.06330783028315e-09,"NS"
"MLXIP(+)",0.23312690693797,2.23045160119284e-09,"MLXIP",6.43506067549114e-09,"NS"
"ZNF576(+)",0.356740578091112,2.48313591910687e-09,"ZNF576",7.14189866517116e-09,"NS"
"FOSL1(+)",0.221694172628682,3.62585184099373e-09,"FOSL1",1.03963467909975e-08,"NS"
"KLF12(+)",-0.0760140004650656,3.76259899475038e-09,"KLF12",1.0755244511148e-08,"NS"
"MEF2A(+)",0.127099846996541,3.83579634721798e-09,"MEF2A",1.09308429649249e-08,"NS"
"ZNF649(+)",0.158077028863917,4.69726213481181e-09,"ZNF649",1.33448211719883e-08,"NS"
"ZNF345(+)",0.187540538825294,5.6740669940325e-09,"ZNF345",1.60707568215128e-08,"NS"
"ZFP69B(+)",0.222042067531664,6.05053740443395e-09,"ZFP69B",1.70849521237664e-08,"NS"
"HOXA5(+)",0.173088805819582,6.72043531935174e-09,"HOXA5",1.89190436717508e-08,"NS"
"ZNF410(+)",-0.224579489324666,6.99344459509514e-09,"ZNF410",1.96281269753576e-08,"NS"
"FOXJ2(+)",0.223300518359831,7.32202920517011e-09,"FOXJ2",2.04884491915754e-08,"NS"
"CREB3L4(+)",-0.151692976488576,7.96256129556783e-09,"CREB3L4",2.22138722029505e-08,"NS"
"ZNF513(+)",-0.215461138316366,8.02511692071748e-09,"ZNF513",2.23213581417561e-08,"NS"
"ZNF14(+)",-0.193099920764992,9.45755552289658e-09,"ZNF14",2.62270718828983e-08,"NS"
"MESP1(+)",-0.0666393835405213,9.84915753444929e-09,"MESP1",2.72317480639982e-08,"NS"
"FOXM1(+)",-0.0357329589045693,1.0063403476834e-08,"FOXM1",2.77415484569104e-08,"NS"
"ZNF829(+)",-0.238055194544448,1.10600258932564e-08,"ZNF829",3.0398710221406e-08,"NS"
"ZNF568(+)",-0.256090999930577,1.11930936030254e-08,"ZNF568",3.06736989888219e-08,"NS"
"ADNP2(+)",0.134923956980886,1.16777361114373e-08,"ADNP2",3.19076966103684e-08,"NS"
"ZNF350(+)",-0.207357286374216,1.52368735920544e-08,"ZNF350",4.15104268827524e-08,"NS"
"ZNF148(+)",-0.0609018760902394,1.83364566495839e-08,"ZNF148",4.98086790276709e-08,"NS"
"HMGA1(+)",0.0571516873144373,1.86364157439556e-08,"HMGA1",5.04758898721129e-08,"NS"
"ZGPAT(+)",-0.437980958146386,1.97654669487511e-08,"ZGPAT",5.33782523121795e-08,"NS"
"ZNF606(+)",-0.20378988537384,2.02910547189262e-08,"ZNF606",5.46388111127027e-08,"NS"
"ELK4(+)",-0.0856705445622905,3.26962921586573e-08,"ELK4",8.77885994664526e-08,"NS"
"ZNF639(+)",0.122347792848236,3.55194591517005e-08,"ZNF639",9.48206251492235e-08,"NS"
"ZNF483(+)",-0.316555525690489,3.54722275640838e-08,"ZNF483",9.48206251492235e-08,"NS"
"ZNF611(+)",-0.142848601063485,4.14820678260142e-08,"ZNF611",1.10420747880708e-07,"NS"
"ZNF671(+)",-0.238584139150877,5.03709016942657e-08,"ZNF671",1.3369876478278e-07,"NS"
"ZNF641(+)",0.0744468925832347,5.63741828774056e-08,"ZNF641",1.48782999696335e-07,"NS"
"ZNF319(+)",-0.256435207166381,5.62946986982091e-08,"ZNF319",1.48782999696335e-07,"NS"
"ASH1L(+)",-0.0640261077392964,6.1318114498203e-08,"ASH1L",1.61372601611418e-07,"NS"
"RREB1(+)",-0.0956501110066127,7.44549039328187e-08,"RREB1",1.95391541676804e-07,"NS"
"NFIX(+)",-0.0976495813063858,7.65269887696161e-08,"NFIX",2.00263584695699e-07,"NS"
"BNC2(+)",-0.227737882116801,8.05262064847818e-08,"BNC2",2.10137207371804e-07,"NS"
"ZNF707(+)",-0.271950492526463,8.98563904619926e-08,"ZNF707",2.33827974059359e-07,"NS"
"ZNF546(+)",-0.210067736033354,9.02996155142802e-08,"ZNF546",2.34324979923928e-07,"NS"
"TAL1(+)",0.16581274151517,9.48720482174537e-08,"TAL1",2.45504548172742e-07,"NS"
"CREB3L2(+)",-0.102049692007727,9.54730781915928e-08,"CREB3L2",2.46373582333305e-07,"NS"
"MTF2(+)",-0.0574165262033177,1.05458252567641e-07,"MTF2",2.71387026690687e-07,"NS"
"ZFX(+)",-0.11779050017286,1.07668448306114e-07,"ZFX",2.76309360431988e-07,"NS"
"ZNF805(+)",-0.152120120274119,1.0969334935521e-07,"ZNF805",2.80730362399423e-07,"NS"
"ZNF583(+)",0.161587876449725,1.17347141115332e-07,"ZNF583",2.99493115648744e-07,"NS"
"TCFL5(+)",0.177836852878384,1.37247960108056e-07,"TCFL5",3.4932426011064e-07,"NS"
"NFE2L2(+)",0.057411076577802,1.44935772272703e-07,"NFE2L2",3.67883421970877e-07,"NS"
"HSF2(+)",-0.129184625820307,1.559921002378e-07,"HSF2",3.94868286433015e-07,"NS"
"TET3(+)",0.15538090341955,1.60617136923946e-07,"TET3",4.05470978810723e-07,"NS"
"ZNF587B(+)",-0.124296979880234,1.87683901235324e-07,"ZNF587B",4.7251583806942e-07,"NS"
"ZNF691(+)",-0.113988172308351,2.0795045804893e-07,"ZNF691",5.22124258182313e-07,"NS"
"GPBP1L1(+)",-0.0718539893215212,2.21693192746611e-07,"GPBP1L1",5.55129315529922e-07,"NS"
"ZBTB14(+)",0.190230656934709,2.60730169232559e-07,"ZBTB14",6.51124535529698e-07,"NS"
"ZNF737(+)",0.167940911808057,2.69451451595515e-07,"ZNF737",6.71100264161483e-07,"NS"
"ZNF441(+)",0.198441414122959,3.23871648610918e-07,"ZNF441",8.04483319677923e-07,"NS"
"ZNF473(+)",-0.245409914157086,3.34091528499757e-07,"ZNF473",8.27656079936732e-07,"NS"
"SP4(+)",-0.199430076651356,3.38737652357893e-07,"SP4",8.3693425276724e-07,"NS"
"ZNF107(+)",-0.167996945173308,3.75219768505943e-07,"ZNF107",9.24613169607484e-07,"NS"
"ZNF133(+)",-0.106519755619343,3.88953679949472e-07,"ZNF133",9.53398334229708e-07,"NS"
"ZNF250(+)",-0.203192832549,3.88086697099392e-07,"ZNF250",9.53398334229708e-07,"NS"
"BCL11A(+)",0.186418214762348,3.92131907167581e-07,"BCL11A",9.58659320417586e-07,"NS"
"ZNF610(+)",-0.196235205527835,4.64139109851228e-07,"ZNF610",1.13171977178948e-06,"NS"
"ZNF675(+)",-0.141763013108534,4.68227353655742e-07,"ZNF675",1.1386995066654e-06,"NS"
"HOXA7(+)",-0.243124169110201,5.67524719253837e-07,"HOXA7",1.37658084644077e-06,"NS"
"ZHX2(+)",-0.0705676124366555,5.79827940766133e-07,"ZHX2",1.40276082544723e-06,"NS"
"SETDB1(+)",0.144998574094999,6.90791282176306e-07,"SETDB1",1.66687039257607e-06,"NS"
"MAX(+)",-0.0730609641372843,7.05674061838416e-07,"MAX",1.69837099338831e-06,"NS"
"STAT6(+)",-0.115803296521487,7.29324084273303e-07,"STAT6",1.75075471392739e-06,"NS"
"HHEX(+)",0.188089480067915,8.36684466376525e-07,"HHEX",2.00329863212317e-06,"NS"
"STAT5B(+)",-0.162737872446504,9.04390672032413e-07,"STAT5B",2.15984301881263e-06,"NS"
"BATF3(+)",0.278834392113698,9.24864998363972e-07,"BATF3",2.20307585507726e-06,"NS"
"ZNF480(+)",0.0920457576878938,1.04715602211591e-06,"ZNF480",2.4879998581731e-06,"NS"
"ZNF230(+)",-0.170895347962685,1.06993210738389e-06,"ZNF230",2.53562991775417e-06,"NS"
"ZNF7(+)",0.133326686569363,1.08126796161123e-06,"ZNF7",2.55387619126636e-06,"NS"
"NR2C1(+)",0.11266151886183,1.08312940727551e-06,"NR2C1",2.55387619126636e-06,"NS"
"NFE2L1(+)",-0.161913731432246,1.12342200033447e-06,"NFE2L1",2.64217478053348e-06,"NS"
"ELF4(+)",-0.126797162427189,1.30672966941433e-06,"ELF4",3.06553500728765e-06,"NS"
"ZBTB2(+)",0.133248050278859,1.33008146430136e-06,"ZBTB2",3.11245763308806e-06,"NS"
"ATF7(+)",-0.156982743675862,1.46695578692679e-06,"ATF7",3.42412544234921e-06,"NS"
"IRF2(+)",-0.0411409859888725,1.48420022185408e-06,"IRF2",3.4556942508833e-06,"NS"
"ZNF407(+)",-0.0729428940480269,1.55086586737745e-06,"ZNF407",3.60188597698413e-06,"NS"
"ZNF717(+)",-0.117286768095011,1.92892473251675e-06,"ZNF717",4.46875580176573e-06,"NS"
"MECP2(+)",-0.0654253913812458,2.00538359182137e-06,"MECP2",4.63433173333844e-06,"NS"
"EEA1(+)",-0.0696348345910146,2.07254630687598e-06,"EEA1",4.76583049279156e-06,"NS"
"MTERF2(+)",-0.121778878931577,2.06863853657919e-06,"MTERF2",4.76583049279156e-06,"NS"
"ZNF563(+)",-0.192136278389357,2.35213179626042e-06,"ZNF563",5.39538379932327e-06,"NS"
"KDM5B(+)",0.10853608769092,2.63361366115156e-06,"KDM5B",6.02617510150196e-06,"NS"
"THYN1(+)",-0.0346449121192944,2.82310607776991e-06,"THYN1",6.44389569102762e-06,"NS"
"GLI4(+)",0.116877473622535,2.83834779679637e-06,"GLI4",6.4628066255486e-06,"NS"
"TCF7L2(+)",-0.264912116869259,3.00201275029145e-06,"TCF7L2",6.81875267731236e-06,"NS"
"TTF1(+)",-0.075783304169401,3.32179557377193e-06,"TTF1",7.52670265374177e-06,"NS"
"ZNF226(+)",-0.128668075328619,3.6055010311201e-06,"ZNF226",8.14966048153425e-06,"NS"
"ZNF660(+)",0.189720646470299,4.25915535084975e-06,"ZNF660",9.60377505082384e-06,"NS"
"ZNF431(+)",-0.120039942496265,4.57209315475587e-06,"ZNF431",1.02844419873322e-05,"NS"
"ZNF799(+)",-0.26971281505785,5.02484824867489e-06,"ZNF799",1.12755652729927e-05,"NS"
"FOXP4(+)",-0.113489162210109,5.33766429314256e-06,"FOXP4",1.19486509116372e-05,"NS"
"HMG20B(+)",0.0676484490039456,5.47498860803408e-06,"HMG20B",1.22265971559223e-05,"NS"
"NCOA1(+)",-0.0510180961688699,6.11871292188185e-06,"NCOA1",1.36313772288447e-05,"NS"
"RBSN(+)",0.187699798347278,6.26264272618471e-06,"RBSN",1.39186485469512e-05,"NS"
"ZNF124(+)",-0.125835532454699,7.73678301637047e-06,"ZNF124",1.71538697427403e-05,"NS"
"SAFB(+)",-0.0475659602203991,7.75985232418588e-06,"SAFB",1.71640543075445e-05,"NS"
"MXI1(+)",-0.153248955210734,8.53860810167986e-06,"MXI1",1.88417266661772e-05,"NS"
"ZNF687(+)",0.262254780340408,8.63646362581072e-06,"ZNF687",1.8967552502076e-05,"NS"
"ZNF700(+)",0.117262700867808,8.61851043465478e-06,"ZNF700",1.8967552502076e-05,"NS"
"ZNF260(+)",-0.211198039026097,1.00126734684801e-05,"ZNF260",2.19381454061745e-05,"NS"
"ZNF512B(+)",0.609691485853703,1.01196537791726e-05,"ZNF512B",2.21203726137678e-05,"NS"
"E2F3(+)",0.112041442641529,1.02883746848637e-05,"E2F3",2.24363851695736e-05,"NS"
"XPA(+)",-0.0641886653911269,1.05496082375932e-05,"XPA",2.29521921609464e-05,"NS"
"CENPT(+)",-0.0824570582422555,1.22574435993649e-05,"CENPT",2.66055259434812e-05,"NS"
"ETV7(+)",-0.0733005411577308,1.26003953792868e-05,"ETV7",2.72597465585463e-05,"NS"
"ZNF544(+)",-0.0922295031135345,1.26175360819967e-05,"ZNF544",2.72597465585463e-05,"NS"
"HIC1(+)",0.113178075506339,1.27876892412893e-05,"HIC1",2.75632559284402e-05,"NS"
"ZNF317(+)",0.0823195832962248,1.34357096108761e-05,"ZNF317",2.88929958993147e-05,"NS"
"SGSM2(+)",0.0810204468727326,1.35244432497572e-05,"SGSM2",2.90166461409341e-05,"NS"
"ZNF117(+)",-0.146812328484967,1.42079888745868e-05,"ZNF117",3.04129531439888e-05,"NS"
"SP100(+)",-0.0226323241399902,1.4490531235263e-05,"SP100",3.09464448679524e-05,"NS"
"MSANTD3(+)",-0.265383639419667,1.48298324580115e-05,"MSANTD3",3.15984274162677e-05,"NS"
"CAMTA1(+)",-0.039826316443492,1.48755959013737e-05,"CAMTA1",3.16234063898768e-05,"NS"
"MBD6(+)",0.199589495485473,1.56978106202743e-05,"MBD6",3.32951280051024e-05,"NS"
"ZNF445(+)",-0.101631229712536,1.6310993687953e-05,"ZNF445",3.45168864148254e-05,"NS"
"ZNF383(+)",-0.147569735225579,1.75845994995265e-05,"ZNF383",3.71274839433185e-05,"NS"
"PRDM15(+)",-0.236117818203258,1.80727066157047e-05,"PRDM15",3.80715293559856e-05,"NS"
"ZNF121(+)",0.107927976277414,1.81982036251416e-05,"ZNF121",3.82491655379107e-05,"NS"
"NME2(+)",-0.190789742346624,1.82503884183368e-05,"NME2",3.82722592339387e-05,"NS"
"PCGF6(+)",0.0677266504924465,1.88626490909005e-05,"PCGF6",3.94671193816364e-05,"NS"
"RUNX1(+)",-0.0948626822275737,2.07008455425993e-05,"RUNX1",4.31763329458146e-05,"NS"
"MYNN(+)",-0.119706821403992,2.07283579050951e-05,"MYNN",4.31763329458146e-05,"NS"
"ZFP1(+)",-0.180338468123543,2.08345813970468e-05,"ZFP1",4.33005058565022e-05,"NS"
"ZNF664(+)",-0.177306225457168,2.10264231361559e-05,"ZNF664",4.36016676193948e-05,"NS"
"TIGD3(+)",0.138464501381185,2.26158602656401e-05,"TIGD3",4.67931719081952e-05,"NS"
"TP53(+)",-0.0635758374968503,2.31547657169649e-05,"TP53",4.77677989102136e-05,"NS"
"ZNF451(+)",-0.12087824820164,2.31897495247646e-05,"ZNF451",4.77677989102136e-05,"NS"
"HOXB2(+)",-0.0731481463922496,2.33786508735856e-05,"HOXB2",4.80503687202678e-05,"NS"
"ADNP(+)",-0.0616444930046117,2.41444524246872e-05,"ADNP",4.95147821248001e-05,"NS"
"BAZ2B(+)",0.103775681713458,2.44739839794228e-05,"BAZ2B",5.00800244865281e-05,"NS"
"HOXB7(+)",-0.146820122242825,2.73016770846429e-05,"HOXB7",5.57434242013918e-05,"NS"
"ZNF786(+)",-0.139600191653993,2.75914552380151e-05,"ZNF786",5.62115392897282e-05,"NS"
"HOXA3(+)",-0.143296063242883,2.78564164979377e-05,"HOXA3",5.66271573885866e-05,"NS"
"ZNF281(+)",-0.141831866681732,2.80552414916689e-05,"ZNF281",5.69068107986035e-05,"NS"
"ZNF174(+)",-0.16387843088163,2.86718147827787e-05,"ZNF174",5.80307536671054e-05,"NS"
"TRAFD1(+)",0.0967920107608275,2.9117716251692e-05,"TRAFD1",5.88051269517867e-05,"NS"
"LCORL(+)",-0.092580021319413,3.45657338952258e-05,"LCORL",6.96563270903791e-05,"NS"
"ZNF605(+)",0.235298246263995,3.58212607893815e-05,"ZNF605",7.20301975613321e-05,"NS"
"ZNF234(+)",-0.474539387043549,3.65566670043019e-05,"ZNF234",7.33502022613315e-05,"NS"
"HDX(+)",-0.127341070975626,3.82058160825828e-05,"HDX",7.64939722860333e-05,"NS"
"PRDM10(+)",-0.113987909760252,4.26351524586498e-05,"PRDM10",8.51786164173886e-05,"NS"
"PRDM4(+)",-0.107325907444415,4.57761304971313e-05,"PRDM4",9.12575648751824e-05,"NS"
"ZNF417(+)",-0.142256015612363,4.61846016030225e-05,"ZNF417",9.18747213901668e-05,"NS"
"FOSL2(+)",0.00406405449999191,5.06669799649195e-05,"FOSL2",0.000100576120485919,"NS"
"THAP9(+)",-0.177682596421766,5.40773474808321e-05,"THAP9",0.000107116963346893,"NS"
"AKAP8L(+)",-0.0612611865950608,5.72046130760599e-05,"AKAP8L",0.000112870988525416,"NS"
"ZNF599(+)",-0.153111723452711,5.72252266904963e-05,"ZNF599",0.000112870988525416,"NS"
"ZNF200(+)",0.187123391229757,6.31531310719691e-05,"ZNF200",0.000124299277046312,"NS"
"ZNF302(+)",-0.102065197193596,6.54201805421862e-05,"ZNF302",0.000128489107238247,"NS"
"ZXDB(+)",0.300775242196702,6.56173755217981e-05,"ZXDB",0.000128604518691457,"NS"
"ZNF2(+)",-0.135779772170144,6.77078633746629e-05,"ZNF2",0.000132422326473814,"NS"
"NR2C2(+)",0.102819319167923,7.6857320782775e-05,"NR2C2",0.000150000947494113,"NS"
"CLOCK(+)",-0.0780255123221344,8.12401832571524e-05,"CLOCK",0.000158222495274412,"NS"
"ZNF827(+)",0.104588652555475,9.39354855122865e-05,"ZNF827",0.000182564991717394,"NS"
"ZNF594(+)",-0.073940460146611,0.000102413768190191,"ZNF594",0.000198627120352165,"NS"
"ZNF777(+)",0.152530013625094,0.000127109400328562,"ZNF777",0.000246009651885905,"NS"
"HMG20A(+)",-0.101231921151078,0.000135565627448732,"HMG20A",0.000261830494594328,"NS"
"ESRRA(+)",-0.044417622391989,0.00013808069129659,"ESRRA",0.000265583772700894,"NS"
"ZNF626(+)",-0.0927291585703531,0.0001379858846188,"ZNF626",0.000265583772700894,"NS"
"TET2(+)",-0.0480161624017684,0.000145867214669849,"TET2",0.000279980666174153,"NS"
"CUX1(+)",-0.062203333964244,0.000147725794595877,"CUX1",0.000282963429236226,"NS"
"PPARD(+)",-0.0481062647786399,0.000149632225831721,"PPARD",0.000286025386414956,"NS"
"ZNF25(+)",0.165231755613699,0.000170765330153699,"ZNF25",0.000325751523024203,"NS"
"ZNF134(+)",0.0940419377544803,0.000213430744706145,"ZNF134",0.00040630565949182,"NS"
"ZNF367(+)",0.0953006428106067,0.000218777826089367,"ZNF367",0.000415633129728061,"NS"
"KLF11(+)",0.0830112116719616,0.000221979476734635,"KLF11",0.000420854967115257,"NS"
"ZBED4(+)",-0.081113192952853,0.000243138972875298,"ZBED4",0.000460032802039006,"NS"
"ZFP82(+)",-0.104841975540892,0.000280222613519335,"ZFP82",0.00052911952837289,"NS"
"ZKSCAN8(+)",-0.111622030678597,0.000287902271249301,"ZKSCAN8",0.000542517667323734,"NS"
"DBP(+)",0.0629831999419309,0.000307284933863006,"DBP",0.000577835395111143,"NS"
"ZBTB4(+)",-0.079157481062019,0.000307888612034462,"ZBTB4",0.000577835395111143,"NS"
"NCOA3(+)",0.0674978415951598,0.000309200392936582,"NCOA3",0.000579127348867106,"NS"
"TMF1(+)",-0.0685553345324714,0.00031899856962844,"TMF1",0.000596277004396018,"NS"
"ARID3B(+)",-0.0425649088038403,0.000335413152184063,"ARID3B",0.000625700438512037,"NS"
"ZNF146(+)",0.129562890271976,0.000371179590201498,"ZNF146",0.000691033746086556,"NS"
"ZNF320(+)",0.0193049014576984,0.000389472017420012,"ZNF320",0.000723639008366382,"NS"
"ZNF813(+)",0.183701911788374,0.000394497111396941,"ZNF813",0.000731512607759996,"NS"
"ZFP62(+)",-0.11921273999313,0.000400649246474627,"ZFP62",0.000739966500944193,"NS"
"ZBTB42(+)",-0.15857441418482,0.000400519316689424,"ZBTB42",0.000739966500944193,"NS"
"ZNF708(+)",-0.0759786307568728,0.000401939504655507,"ZNF708",0.000740876586954297,"NS"
"ZNF263(+)",0.0961151859190264,0.000464555065700756,"ZNF263",0.000854597338685153,"NS"
"ZNF555(+)",0.277224558336853,0.000486156499815982,"ZNF555",0.000892567961124599,"NS"
"MSANTD4(+)",0.112142893288386,0.000510640409821184,"MSANTD4",0.000935670494524417,"NS"
"NFX1(+)",-0.0815337648648274,0.000519106682959046,"NFX1",0.00094931123714361,"NS"
"ZSCAN16(+)",-0.108104372926377,0.000524878392296334,"ZSCAN16",0.000957980405586041,"NS"
"HIVEP1(+)",0.0734616653903573,0.000568858786592186,"HIVEP1",0.00103621531910616,"NS"
"ZNF814(+)",-0.0757230639321348,0.000622730851956766,"ZNF814",0.00113212712616015,"NS"
"ATF2(+)",-0.0853075786314867,0.000625067226090548,"ATF2",0.00113415518171508,"NS"
"NRL(+)",0.121967659949311,0.000648561218384192,"NRL",0.0011744900036626,"NS"
"TCF4(+)",-0.0552215625390233,0.000655885555174627,"TCF4",0.00118544295867165,"NS"
"SREBF2(+)",-0.0643856799228894,0.00073870795903534,"SREBF2",0.00133254309503657,"NS"
"NFATC2(+)",-0.0583362219716048,0.000746606039495192,"NFATC2",0.0013441802532772,"NS"
"ZNF32(+)",-0.0769408594472505,0.000761817148477171,"ZNF32",0.0013689132126408,"NS"
"ZNF384(+)",0.0564100365643957,0.000773384057319859,"ZNF384",0.00138434256117562,"NS"
"ZNF43(+)",-0.0629933441896465,0.000772433743030946,"ZNF43",0.00138434256117562,"NS"
"ZNF79(+)",-0.122111511863685,0.000826613619586999,"ZNF79",0.0014767770242237,"NS"
"MBD4(+)",-0.0399639664281318,0.000843570007082632,"MBD4",0.00150417761339686,"NS"
"SCML4(+)",0.0843515134531576,0.000859424342725124,"SCML4",0.00152951190496483,"NS"
"ETV6(+)",-0.0707493810924504,0.000899866518006634,"ETV6",0.00159663999771035,"NS"
"ZNF699(+)",-0.334314435319831,0.000900580579978712,"ZNF699",0.00159663999771035,"NS"
"ZNF41(+)",-0.10651873513418,0.000951097855199404,"ZNF41",0.00168299029996237,"NS"
"TFCP2(+)",0.135361754302984,0.00100517121082966,"TFCP2",0.00177529287996341,"NS"
"ZNF346(+)",-0.0689759898862355,0.00101981817963899,"ZNF346",0.00179774400167859,"NS"
"ZNF443(+)",0.107402268659571,0.00106113896736426,"ZNF443",0.00186704185735113,"NS"
"CEBPB(+)",-0.0580407302172579,0.00112111535413119,"CEBPB",0.00196883962946667,"NS"
"ZNF773(+)",-0.136218902008354,0.00113465266276479,"ZNF773",0.00198885344095941,"NS"
"ZNF287(+)",0.342518872076144,0.0011938566483698,"ZNF287",0.00208631554849519,"NS"
"ZBTB21(+)",0.0956041534193458,0.00119699266668238,"ZBTB21",0.00208631554849519,"NS"
"ZNF524(+)",0.0499018562740632,0.0011953905833133,"ZNF524",0.00208631554849519,"NS"
"IKZF5(+)",0.0610750928406118,0.00123146367264004,"IKZF5",0.00214237781251423,"NS"
"ZNF69(+)",-0.136821565344584,0.0012338318848392,"ZNF69",0.00214248564675817,"NS"
"E2F4(+)",0.0445805537831525,0.00136116461390756,"E2F4",0.00235918269835844,"NS"
"L3MBTL3(+)",-0.0402776782103198,0.00136638834010507,"L3MBTL3",0.00236382638353372,"NS"
"ZFP91(+)",-0.0814520062319466,0.00137021736508609,"ZFP91",0.00236604448357803,"NS"
"FOXO4(+)",0.28111646873747,0.00139856184970832,"FOXO4",0.0024105082715752,"NS"
"ZNF142(+)",0.0867364785867617,0.00140492002018933,"ZNF142",0.00241698277547386,"NS"
"STAT4(+)",-0.0399999137908337,0.00143116191195297,"STAT4",0.00245757747912072,"NS"
"USF1(+)",0.0912143096597502,0.00148001538659903,"USF1",0.00253677914049908,"NS"
"ZNF844(+)",0.0830226102147536,0.00149941330709025,"ZNF844",0.00256529458984685,"NS"
"ZNF354A(+)",-0.0542623197959116,0.00160602643690838,"ZNF354A",0.00274264441155862,"NS"
"ZNF800(+)",-0.0626748772955048,0.0016548132610281,"ZNF800",0.00282077343026625,"NS"
"IRF8(+)",-0.048160711817795,0.00179001943224621,"IRF8",0.00304565577391342,"NS"
"ZNF235(+)",-0.0789028104872915,0.00186712443310016,"ZNF235",0.00316598997691272,"NS"
"ZNF257(+)",-0.121948476929803,0.00186755921135433,"ZNF257",0.00316598997691272,"NS"
"CHCHD3(+)",-0.0331428005452031,0.00192866946179238,"CHCHD3",0.00326363193079257,"NS"
"ZNF548(+)",0.0967473968853558,0.00206089878454385,"ZNF548",0.00348104540152952,"NS"
"NR4A3(+)",0.0239980769245386,0.00225632729166425,"NR4A3",0.00380422514329599,"NS"
"NR1H2(+)",-0.0415127500752701,0.00236627117442613,"NR1H2",0.00398236579898891,"NS"
"IRF5(+)",-0.0648946100112508,0.00239139726012345,"IRF5",0.00401737442071371,"NS"
"GTF2IRD2(+)",-0.0742167614869985,0.00246651572076923,"GTF2IRD2",0.00413608863645237,"NS"
"ZNF692(+)",-0.093830893988354,0.0025407619676087,"ZNF692",0.00425291507731259,"NS"
"MZF1(+)",-0.0655689187694851,0.00265976989546154,"MZF1",0.00444411192964707,"NS"
"ZNF138(+)",-0.104462440271301,0.00270878330749616,"ZNF138",0.00451788095630867,"NS"
"CC2D1A(+)",-0.095841171059189,0.00279878112336766,"CC2D1A",0.00465961946883253,"NS"
"ZNF512(+)",-0.0522220818767207,0.00281749619200086,"ZNF512",0.0046823863369746,"NS"
"ESR1(+)",0.113947607483041,0.00298083673255078,"ESR1",0.00494499522239228,"NS"
"PBX4(+)",-0.0521047460656807,0.00298701850226102,"PBX4",0.00494641744848572,"NS"
"ZNF519(+)",0.0435463466655337,0.00315841132870953,"ZNF519",0.00522093260564262,"NS"
"CIC(+)",0.145823878747518,0.00316753813929949,"CIC",0.00522671923873752,"NS"
"ZNF140(+)",-0.109118412848969,0.00322129428837825,"ZNF140",0.00530599715231098,"NS"
"ZNF689(+)",-0.188792825623612,0.00326756467410495,"ZNF689",0.00537268598627169,"NS"
"RFX2(+)",0.0775337041773425,0.00327625688045696,"RFX2",0.00537746049813519,"NS"
"ZNF549(+)",0.142230715992451,0.00337552016398934,"ZNF549",0.00553061416639524,"NS"
"SOX4(+)",0.0772498305982934,0.00338558926431665,"SOX4",0.00553734582139113,"NS"
"ZNF493(+)",-0.0723287849221795,0.00341297063531796,"ZNF493",0.00557231936768082,"NS"
"ZNF525(+)",-0.117098047486118,0.00359030550285468,"ZNF525",0.00585156809149473,"NS"
"ZNF160(+)",-0.105277800230814,0.00368557518238063,"ZNF160",0.0059963210935755,"NS"
"E2F8(+)",0.0439226389946805,0.00369207420196771,"E2F8",0.0059963932406084,"NS"
"ZNF76(+)",-0.155971856863371,0.00376680100486863,"ZNF76",0.00610708225745718,"NS"
"CXXC5(+)",-0.0133345715292928,0.0038631841583821,"CXXC5",0.00625243568490761,"NS"
"ZNF614(+)",0.0984626335692019,0.00455620928828493,"ZNF614",0.00736124944142035,"NS"
"MBNL2(+)",0.0559664547972148,0.00475312630463542,"MBNL2",0.00766606655730262,"NS"
"PRMT3(+)",-0.0618564183468805,0.00513908667301314,"PRMT3",0.0082741967404319,"NS"
"ZNF816(+)",-0.119346606746359,0.00518103214198872,"ZNF816",0.00832729906558394,"NS"
"ZNF598(+)",0.060940428524442,0.00534179894976683,"ZNF598",0.00857086567242381,"NS"
"FLI1(+)",-0.0496961031922001,0.00565316591600649,"FLI1",0.0090548123033966,"NS"
"RXRA(+)",0.0332310191720383,0.00575106276124737,"RXRA",0.00919576128261413,"NS"
"PREB(+)",-0.0608602535243893,0.00606652929491175,"PREB",0.00968351497418045,"NS"
"USF2(+)",-0.0551626853035153,0.00617084943458227,"USF2",0.00983313743520915,"NS"
"NFXL1(+)",-0.053034861814022,0.00659601180005505,"NFXL1",0.0104926283600191,"NS"
"SNAPC5(+)",-0.0339277079974267,0.00672481341701713,"SNAPC5",0.0106792336143742,"NS"
"ZNF644(+)",-0.0378995979562905,0.00679917689992184,"ZNF644",0.0107788998976577,"NS"
"MGA(+)",0.0381584018911555,0.00685499587499661,"MGA",0.0108488776284018,"NS"
"GMEB1(+)",-0.0531702356707628,0.00693684177772253,"GMEB1",0.0109597381148031,"NS"
"ZNF669(+)",0.0555018089740726,0.00697675888111293,"ZNF669",0.0110040899839625,"NS"
"HOXA9(+)",0.0830304148678494,0.00713713648512138,"HOXA9",0.0112379657536911,"NS"
"RFX3(+)",0.0872216539381979,0.00769833366157702,"RFX3",0.0121011031668444,"NS"
"RFX5(+)",-0.0834230936412348,0.00785814467589884,"RFX5",0.0123314466282264,"NS"
"ZSCAN9(+)",-0.159700043753572,0.00797417982602025,"ZSCAN9",0.0124924334879811,"NS"
"ZNF567(+)",-0.0860845098549592,0.00810801420927668,"ZNF567",0.0126807158256196,"NS"
"ZNF45(+)",0.047827132744584,0.00832529277787986,"ZNF45",0.0129986504044544,"NS"
"TERF2(+)",0.0453690238109301,0.00849138963120644,"TERF2",0.0132357398781724,"NS"
"ZNF654(+)",0.0680925583376786,0.00858946355218726,"ZNF654",0.0133661836515611,"NS"
"AKAP8(+)",0.0633019880270171,0.00878428071736548,"AKAP8",0.0136464829204557,"NS"
"ZNF706(+)",-0.0179373951163453,0.00890969775741425,"ZNF706",0.0138182123816992,"NS"
"BACH2(+)",0.0440669090931246,0.00975981105975854,"BACH2",0.0151114407908595,"NS"
"PURA(+)",-0.0581028695928566,0.0102973558058283,"PURA",0.0159172105550991,"NS"
"BBX(+)",-0.0403285639003875,0.0105199051549151,"BBX",0.0162342057955418,"NS"
"ZNF236(+)",0.0767091222783253,0.0112093651828706,"ZNF236",0.0172408944617331,"NS"
"SPEN(+)",-0.0351384348503061,0.0111998602334092,"SPEN",0.0172408944617331,"NS"
"ZNF771(+)",0.00830676450411295,0.011550943712739,"ZNF771",0.0177369036514621,"NS"
"AEBP2(+)",-0.0787540397439442,0.0118420489411285,"AEBP2",0.0181539001094197,"NS"
"HIVEP2(+)",-0.0403601597495435,0.0121048791695423,"HIVEP2",0.0185262483500903,"NS"
"SP1(+)",0.0390556466084689,0.0122481381832857,"SP1",0.0187146716649218,"NS"
"ZNF10(+)",-0.0394463016419439,0.0127599212393878,"ZNF10",0.0194646417592631,"NS"
"PHF21A(+)",-0.051204507249531,0.0128026480259137,"PHF21A",0.0194658920066674,"NS"
"E2F5(+)",-0.144206671262305,0.0127954816952994,"E2F5",0.0194658920066674,"NS"
"ZNF362(+)",0.0661528996517668,0.0129624580382768,"ZNF362",0.0195806886464376,"NS"
"TRPS1(+)",0.0576529103774104,0.012956279019172,"TRPS1",0.0195806886464376,"NS"
"POGK(+)",-0.0461401444092992,0.0129315889912485,"POGK",0.0195806886464376,"NS"
"ZNF154(+)",-0.143380815637023,0.0129119995248487,"ZNF154",0.0195806886464376,"NS"
"FOXC1(+)",0.0732644533759843,0.0133427572612221,"FOXC1",0.0201224374929795,"NS"
"E2F6(+)",0.0721967334939789,0.0135936782823916,"E2F6",0.0204490484521078,"NS"
"HIF1A(+)",0.062982283028915,0.0136033497776131,"HIF1A",0.0204490484521078,"NS"
"SCMH1(+)",-0.0522367543362726,0.0137426440348407,"SCMH1",0.0206250667340339,"NS"
"ZNF71(+)",-0.0917813327316821,0.0141614290871607,"ZNF71",0.0212193026160843,"NS"
"ZNF770(+)",0.0943420870399969,0.0147275047987463,"ZNF770",0.0220319677263048,"NS"
"ZNF783(+)",0.237603869479082,0.0150387133408891,"ZNF783",0.0224613580284341,"NS"
"SP110(+)",0.0481648547166192,0.0160517596168763,"SP110",0.0239359304720355,"NS"
"MYRF(+)",0.0508213683403409,0.0166114412156582,"MYRF",0.0247308155277988,"NS"
"ZNF420(+)",-0.0550178734658201,0.016942107302628,"ZNF420",0.0251827482946262,"NS"
"HOXA4(+)",0.0959756603125929,0.0176440664123436,"HOXA4",0.0261842455224716,"NS"
"ZNF569(+)",-0.0177684382153002,0.0203189948732841,"ZNF569",0.030105815370464,"NS"
"ZBTB5(+)",-0.0856181390358073,0.020569161855086,"ZBTB5",0.0304279480308518,"NS"
"ZFP69(+)",0.105873599045191,0.0207038364808492,"ZFP69",0.0305784802713973,"NS"
"ZNF66(+)",-0.0528196656985728,0.0207564903857608,"ZNF66",0.0306075866164631,"NS"
"ZNF551(+)",-0.0517491522223686,0.0214293726281217,"ZNF551",0.0315497419517038,"NS"
"HES6(+)",0.0382292889714633,0.0215787662478126,"HES6",0.0316693109703285,"NS"
"ESR2(+)",-0.130135779591146,0.0215582313424566,"ESR2",0.0316693109703285,"NS"
"BAZ2A(+)",-0.0542176183354865,0.0216150457870024,"BAZ2A",0.0316725197730682,"NS"
"ETV3(+)",0.0499531407802352,0.0228932690518249,"ETV3",0.0334926723608587,"NS"
"KIN(+)",-0.100109798442847,0.0237017992500272,"KIN",0.034621024376219,"NS"
"ZNF540(+)",0.0971536680798368,0.0238171075719917,"ZNF540",0.0347348397713977,"NS"
"HIC2(+)",0.0728565656795137,0.0242286339404341,"HIC2",0.0352796252831712,"NS"
"DMTF1(+)",-0.0447411086056523,0.0244324996090271,"DMTF1",0.035520801466019,"NS"
"ZNF496(+)",-0.125246002171141,0.0251164976759816,"ZNF496",0.036458166157792,"NS"
"ZNF518B(+)",0.0963920686107235,0.0252933977523293,"ZNF518B",0.0366576700653883,"NS"
"ZNF33A(+)",-0.0536947370501371,0.0253850883775561,"ZNF33A",0.0367332509388623,"NS"
"TRERF1(+)",-0.0499789813709552,0.025684369291435,"TRERF1",0.0371085211069099,"NS"
"TET1(+)",-0.0618540704716693,0.0258987919539473,"TET1",0.0373602138590327,"NS"
"IRF7(+)",0.0601132806818932,0.0261689955079238,"IRF7",0.037633122023005,"NS"
"ZNF322(+)",-0.0353914214548692,0.0261461479466403,"ZNF322",0.037633122023005,"NS"
"KLF7(+)",-0.0390765958105827,0.0266497639472199,"KLF7",0.0382062202268013,"NS"
"ZNF841(+)",-0.0813057910447466,0.0266295714340946,"ZNF841",0.0382062202268013,"NS"
"RXRB(+)",-0.0696870011114264,0.0268449634729642,"RXRB",0.0384267658958146,"NS"
"TFDP1(+)",0.0218787737750561,0.0269444248680695,"TFDP1",0.0385098010806716,"NS"
"ZNF136(+)",0.055710020701002,0.0278102830674214,"ZNF136",0.0396862564817734,"NS"
"ZNF264(+)",0.0340072348396922,0.028410488743583,"ZNF264",0.0404578750952937,"NS"
"ZNF333(+)",-0.139389351195819,0.0284380973490062,"ZNF333",0.0404578750952937,"NS"
"ZNF808(+)",-0.0420210328273687,0.0286876757491983,"ZNF808",0.0407505363471027,"NS"
"ZNF501(+)",-0.0525670590524909,0.0297144784829816,"ZNF501",0.0421446572682289,"NS"
"ZSCAN18(+)",0.0357010034878047,0.0298166378743192,"ZSCAN18",0.0422250862579917,"NS"
"ZSCAN29(+)",-0.0709976580666498,0.0301281553617755,"ZSCAN29",0.0426013033958743,"NS"
"SRF(+)",0.0362136291634199,0.0305011002245237,"SRF",0.043063103508484,"NS"
"ZNF880(+)",0.0467656317929299,0.0311624683579397,"ZNF880",0.043930095758006,"NS"
"CEBPZ(+)",0.0283145780933049,0.0318022984122928,"CEBPZ",0.0447641442803333,"NS"
"ZNF821(+)",0.0802791825441538,0.0319004236641454,"ZNF821",0.0448343321996839,"NS"
"ZNF627(+)",0.0537674632009003,0.0329482470052911,"ZNF627",0.0462370414923194,"NS"
"ZNF879(+)",-0.158239425837925,0.0334523009196521,"ZNF879",0.0468735860548368,"NS"
"HOXA1(+)",0.044321183792295,0.0346496434607133,"HOXA1",0.0483615385520292,"NS"
"NR1H3(+)",0.0421176711798581,0.0347224394124903,"NR1H3",0.0483615385520292,"NS"
"SMYD3(+)",-0.0115690848265028,0.0346823863393566,"SMYD3",0.0483615385520292,"NS"
"FOXJ3(+)",-0.0370546514011843,0.0346678313725383,"FOXJ3",0.0483615385520292,"NS"
"ZNF891(+)",0.0609015178598592,0.0371025205981104,"ZNF891",0.0515991641252164,"NS"
"PPARA(+)",0.0554097411934475,0.0380375661121508,"PPARA",0.0528204767088013,"NS"
"VEZF1(+)",-0.0325114264593006,0.0388280008673167,"VEZF1",0.0538376310533392,"NS"
"TBP(+)",0.121712894110052,0.0390509593638744,"TBP",0.0540660823383596,"NS"
"ZNF571(+)",-0.0418786649142289,0.0392385292329703,"ZNF571",0.0542449310378414,"NS"
"GLYR1(+)",-0.0525726735997999,0.040309949585291,"GLYR1",0.0556433033651342,"NS"
"ZNF628(+)",-0.0584466580455881,0.0425706420065485,"ZNF628",0.0586767454363257,"NS"
"MBD1(+)",0.0331296980957651,0.0427224866276315,"MBD1",0.0587988001141772,"NS"
"ZNF624(+)",-0.0432758753695455,0.0430100680875226,"ZNF624",0.0591070314398055,"NS"
"ZHX3(+)",-0.088854500155287,0.0442081056905821,"ZHX3",0.06066370780879,"NS"
"HOXA10(+)",-0.0474706723316737,0.0456543168070086,"HOXA10",0.0625558411706652,"NS"
"ZNF432(+)",-0.167151473453686,0.0466910596477025,"ZNF432",0.0638821714472984,"NS"
"E2F1(+)",-0.00813514066105717,0.0494230133361565,"E2F1",0.0675205579254255,"NS"
"ZNF557(+)",-0.0591438627802642,0.0503238462489444,"ZNF557",0.0686502983337289,"NS"
"ZNF358(+)",0.0736746687346831,0.050458650814988,"ZNF358",0.0687332648198297,"NS"
"ZMAT4(+)",-0.0497383652960075,0.0505798805094333,"ZMAT4",0.0687975241482628,"NS"
"RARG(+)",-0.0954002362027667,0.0520961768862189,"RARG",0.070756357203651,"NS"
"GTF2IRD1(+)",-0.072014088440438,0.052859683918937,"GTF2IRD1",0.0716885348331276,"NS"
"THAP7(+)",0.0411867358778277,0.0532555296869752,"THAP7",0.0721200977830904,"NS"
"ZNF253(+)",0.0391698009427726,0.0541037947032519,"ZNF253",0.0731621910907147,"NS"
"ZNF212(+)",-0.0835385801966284,0.05446961006966,"ZNF212",0.0735498077830147,"NS"
"ZNF718(+)",-0.0549036989931265,0.0549133937333908,"ZNF718",0.0740414263836286,"NS"
"ZNF195(+)",-0.0748450016322387,0.0564382052791578,"ZNF195",0.0759870908758516,"NS"
"ZNF274(+)",0.0244266216878355,0.0585901124561772,"ZNF274",0.0787702090763945,"NS"
"JRKL(+)",0.0684198151176274,0.0587204568356019,"JRKL",0.0788313647402806,"NS"
"HOXB3(+)",-0.0411032690863796,0.0615137860968833,"HOXB3",0.0824622038730225,"NS"
"BHLHE40(+)",-0.025399985078546,0.0634364455484921,"BHLHE40",0.0849170863322034,"NS"
"ZNF282(+)",-0.0531609637692822,0.0650390354542798,"ZNF282",0.0869370704129869,"NS"
"ZNF680(+)",0.0324648515899398,0.0657129702821573,"ZNF680",0.0877117088967301,"NS"
"FLYWCH1(+)",0.0520388444137311,0.0662185390314924,"FLYWCH1",0.0882597170161499,"NS"
"ZNF461(+)",-0.0403206942265241,0.0675326285213233,"ZNF461",0.0898822520004432,"NS"
"ATF6(+)",-0.0214989629493858,0.0678771889727065,"ATF6",0.0900827265080634,"NS"
"CREB1(+)",-0.0461894144971522,0.0678004952888376,"CREB1",0.0900827265080634,"NS"
"CREB3(+)",0.031783615016361,0.0689001330578469,"CREB3",0.0913098767628242,"NS"
"ZNF23(+)",-0.0791469699669131,0.0692272683331454,"ZNF23",0.0916127240477095,"NS"
"ZKSCAN4(+)",-0.0577718184975026,0.0694875516383456,"ZKSCAN4",0.0918263662475435,"NS"
"RUNX2(+)",0.0316714492941806,0.0699684811143544,"RUNX2",0.0923305666977773,"NS"
"SP140(+)",-0.0222134899416802,0.0707720158782563,"SP140",0.093258443618298,"NS"
"ZNF621(+)",0.0567918572205752,0.0709574974203599,"ZNF621",0.0933704179936464,"NS"
"TCF3(+)",-0.0388388296804851,0.0713030206280027,"TCF3",0.0936923708110531,"NS"
"ARID3A(+)",-0.102453744992871,0.0714542699589932,"ARID3A",0.0937584982936507,"NS"
"ZNF354B(+)",0.0383666072479968,0.0726786385934788,"ZNF354B",0.0952305433756584,"NS"
"JAZF1(+)",-0.00621778273895237,0.0728885373600831,"JAZF1",0.0953710580387567,"NS"
"ZNF460(+)",-0.0252529419233531,0.0730785464903023,"ZNF460",0.095485189436696,"NS"
"SMAD4(+)",-0.0434894205917602,0.0748277345785036,"SMAD4",0.0976333784036937,"NS"
"ZBTB17(+)",-0.0705560716434842,0.0752091878497783,"ZBTB17",0.0979934579417168,"NS"
"ZNF502(+)",-0.0547876133281797,0.0778582435851402,"ZNF502",0.101302952787949,"NS"
"ZNF354C(+)",-0.104637150084099,0.0800323031961749,"ZNF354C",0.103986027509436,"NS"
"ZSCAN12(+)",-0.0209707140018782,0.0806286948770296,"ZSCAN12",0.104614605503855,"NS"
"TGIF2(+)",0.0720446565691389,0.0814853144323771,"TGIF2",0.105578601265939,"NS"
"ZNF793(+)",-0.041472079285718,0.0820872657842356,"ZNF793",0.106210403779324,"NS"
"THAP5(+)",0.024687762899534,0.0834404861349796,"THAP5",0.107811142725168,"NS"
"STAT2(+)",-0.0220998396836691,0.0850036005052187,"STAT2",0.109678256762984,"NS"
"AHCTF1(+)",-0.0334604974422501,0.086007055423987,"AHCTF1",0.110819076961004,"NS"
"GMEB2(+)",-0.0802153941941482,0.0867080949095582,"GMEB2",0.111567617965346,"NS"
"CENPB(+)",-0.019949417913517,0.0895226225574106,"CENPB",0.115029759828263,"NS"
"NR5A2(+)",-0.0974299039797374,0.0911795176507421,"NR5A2",0.116996922510414,"NS"
"STAT1(+)",0.00504051674728409,0.0917800412919339,"STAT1",0.117605046014078,"NS"
"POU2F1(+)",0.000390830119391616,0.0934594006398552,"POU2F1",0.11959198787111,"NS"
"ZNF764(+)",-0.061144267488813,0.093625362159133,"ZNF764",0.119639561823706,"NS"
"ZNF394(+)",0.067182629417368,0.0949531813987967,"ZNF394",0.121169650438849,"NS"
"ZEB1(+)",-0.00926465633364526,0.0959652651793433,"ZEB1",0.122293184295761,"NS"
"TSHZ3(+)",-0.0548434106882987,0.101239805021666,"TSHZ3",0.128838053239901,"NS"
"ZNF740(+)",-0.0257083116684185,0.102345043212275,"ZNF740",0.130066409225996,"NS"
"ZFP90(+)",0.0423120809150365,0.10345548792584,"ZFP90",0.131298016780198,"NS"
"ZFP30(+)",-0.0331853912222861,0.105787327476527,"ZFP30",0.134074252695352,"NS"
"ZNF543(+)",-0.0687640570647046,0.107308648190546,"ZNF543",0.135817076524546,"NS"
"ZNF710(+)",-0.0624304595762471,0.109132976625706,"ZNF710",0.13793814324528,"NS"
"ZFP57(+)",-0.0332738509188492,0.110301261967207,"ZFP57",0.139225370064586,"NS"
"RFX7(+)",0.0514127165842062,0.110632840420293,"RFX7",0.139454421642405,"NS"
"EPAS1(+)",0.0499293411783545,0.111212562319574,"EPAS1",0.139995217337242,"NS"
"ZNF486(+)",-0.0725962207014105,0.111919047075768,"ZNF486",0.140693903563449,"NS"
"ZNF227(+)",-0.0225749598805184,0.114011190529794,"ZNF227",0.143130264867809,"NS"
"MTERF3(+)",0.0395235934273591,0.11576003993037,"MTERF3",0.145129658698129,"NS"
"UBP1(+)",-0.0277149340069265,0.116696728510654,"UBP1",0.146106820466843,"NS"
"ZBTB45(+)",0.0420681641906223,0.120695974190536,"ZBTB45",0.150910578765825,"NS"
"NFIA(+)",-0.054945381576641,0.12094499353404,"NFIA",0.15101868144237,"NS"
"NR3C1(+)",-0.0166976802591951,0.123514228552153,"NR3C1",0.154019756140872,"NS"
"ZNF217(+)",-0.0419347486512146,0.125323782260041,"ZNF217",0.156066747613376,"NS"
"ZNF19(+)",0.108699190747378,0.128807380011762,"ZNF19",0.1601901687161,"NS"
"ZNF766(+)",0.0271476835612888,0.129154639107912,"ZNF766",0.16040729910595,"NS"
"ZNF280B(+)",-0.038809049900912,0.131396587558158,"ZNF280B",0.162973871617528,"NS"
"ZNF280C(+)",-0.0212884532451127,0.131592010609648,"ZNF280C",0.162998637141818,"NS"
"ZNF48(+)",0.0459942699611279,0.135481709042436,"ZNF48",0.167593219308153,"NS"
"ZNF500(+)",-0.0518993832988418,0.137987830834917,"ZNF500",0.170466349528774,"NS"
"TBPL1(+)",-0.0346294161999816,0.140781544043997,"TBPL1",0.173686659252155,"NS"
"ZNF438(+)",0.0578780934851355,0.142847341694008,"ZNF438",0.176001565561981,"NS"
"NFYC(+)",-0.0332436738423888,0.145053387668403,"NFYC",0.178482910124433,"NS"
"ZNF701(+)",0.0617558047951011,0.145393278473969,"ZNF701",0.178664491669732,"NS"
"ZBTB40(+)",-0.0313716699613266,0.15046874581291,"ZBTB40",0.184657153051775,"NS"
"USF3(+)",0.0397747787119092,0.151132196019456,"USF3",0.185226662403792,"NS"
"ZFHX3(+)",0.0503443021710612,0.158364997805456,"ZFHX3",0.193835418921303,"NS"
"ZNF429(+)",0.0654560930876676,0.159331239161333,"ZNF429",0.194761475237998,"NS"
"ZNF677(+)",-0.053125068386962,0.160459928067693,"ZNF677",0.19588340758855,"NS"
"ZSCAN21(+)",-0.0150224123251034,0.161977217653644,"ZSCAN21",0.197476161680098,"NS"
"ZNF782(+)",-0.0415530244268439,0.162997589013952,"ZNF782",0.198459711918691,"NS"
"ZNF682(+)",-0.0415528729208503,0.163959382293589,"ZNF682",0.199369458312492,"NS"
"ZNF143(+)",0.0196458108321386,0.164886720993934,"ZNF143",0.200234985363875,"NS"
"LIN54(+)",0.0619912259121487,0.167157125366938,"LIN54",0.20254178820074,"NS"
"ZNF81(+)",-0.0390383247150933,0.16722233751342,"ZNF81",0.20254178820074,"NS"
"MYBL2(+)",-0.00267775038769038,0.173639164194519,"MYBL2",0.210040082730088,"NS"
"ZNF595(+)",0.0467963697156412,0.174890355958672,"ZNF595",0.211278466431218,"NS"
"PRDM2(+)",-0.0142708577654579,0.176460398155428,"PRDM2",0.212898324527783,"NS"
"KCMF1(+)",-0.011239959698171,0.178547264676226,"KCMF1",0.215136717100147,"NS"
"ZNF678(+)",-0.0127244869599614,0.178807694426012,"ZNF678",0.215171435390888,"NS"
"ZNF251(+)",-0.0516615177503574,0.180839053558179,"ZNF251",0.217334386488419,"NS"
"PLAGL1(+)",0.0277045865938364,0.181372102512617,"PLAGL1",0.217412494495769,"NS"
"ZBTB41(+)",-0.0489267178023504,0.181372086417854,"ZBTB41",0.217412494495769,"NS"
"ZNF516(+)",-0.0245016781606555,0.183753694373467,"ZNF516",0.219983482052772,"NS"
"NCOA2(+)",0.0403064438900444,0.194021216384533,"NCOA2",0.231976460773785,"NS"
"ZNF552(+)",-0.0173887401731764,0.19429789392414,"ZNF552",0.232008667680624,"NS"
"ZSCAN25(+)",0.0346846233763675,0.200672619500831,"ZSCAN25",0.23931304687583,"NS"
"ZNF776(+)",-0.0397771579357173,0.201181135248072,"ZNF776",0.239611890571101,"NS"
"SIX4(+)",-0.049347948246248,0.209256228293824,"SIX4",0.248910417522359,"NS"
"CEBPD(+)",0.000707732917350803,0.211898632616322,"CEBPD",0.251731240026296,"NS"
"RELB(+)",-0.0118814993275494,0.219433762372212,"RELB",0.260349891754515,"NS"
"CGGBP1(+)",-0.0182228480328033,0.220119485686818,"CGGBP1",0.260830359952875,"NS"
"ZNF83(+)",0.052929051682083,0.221062861753597,"ZNF83",0.261614520470181,"NS"
"ZNF853(+)",-0.0181989638309801,0.224930191481382,"ZNF853",0.265852605453185,"NS"
"ZNF28(+)",0.0282682471471482,0.230755363958203,"ZNF28",0.272391020479251,"NS"
"NFYB(+)",0.0207099042668378,0.242297972722951,"NFYB",0.285653320634038,"NS"
"ZBED3(+)",0.0623846412016931,0.252952112717772,"ZBED3",0.297835884302674,"NS"
"CENPBD1(+)",0.00502432634866242,0.253640254760169,"CENPBD1",0.298268097053414,"NS"
"ZNF155(+)",-0.0268143191272665,0.262083537378611,"ZNF155",0.307807340359961,"NS"
"KAT7(+)",-0.0258721116088777,0.263766218088214,"KAT7",0.309392445207008,"NS"
"NFATC1(+)",0.0621999883486698,0.264283363927778,"NFATC1",0.309608127476552,"NS"
"PRDM8(+)",0.0531014608313536,0.265875400753506,"PRDM8",0.311080915994971,"NS"
"MYPOP(+)",0.0521389875670559,0.272041159540166,"MYPOP",0.31789463800354,"NS"
"ARHGAP35(+)",-0.0146376171271281,0.272606492311947,"ARHGAP35",0.318155064519848,"NS"
"ELK3(+)",0.0387852658980855,0.273033339739009,"ELK3",0.318253416082232,"NS"
"ZNF341(+)",0.00413968484079955,0.278793440669223,"ZNF341",0.324560283686351,"NS"
"ZNF93(+)",0.0269496529538381,0.285266482489715,"ZNF93",0.331680303170144,"NS"
"ZBTB11(+)",0.0374032798494628,0.288396257558923,"ZBTB11",0.334900154090299,"NS"
"ANKZF1(+)",-0.0193852558625512,0.300928019745236,"ANKZF1",0.349016392438607,"NS"
"LCOR(+)",0.0321026260651481,0.302298300001032,"LCOR",0.350168479677006,"NS"
"ZNF34(+)",0.0256963744437502,0.308199805710962,"ZNF34",0.356559924664364,"NS"
"ZNF714(+)",0.0056501712364521,0.310485565099674,"ZNF714",0.358757574599002,"NS"
"IKZF2(+)",-0.000574893841947479,0.315553465695411,"IKZF2",0.363965050910577,"NS"
"FOXK2(+)",-0.0110393783620127,0.316126729443505,"FOXK2",0.363965050910577,"NS"
"TCF20(+)",-0.0260281154972771,0.31616770299767,"TCF20",0.363965050910577,"NS"
"ZNF75A(+)",-0.0181307818931442,0.319621925959016,"ZNF75A",0.36748610051476,"NS"
"ZNF573(+)",-0.427408552804927,0.321567618316499,"ZNF573",0.369266152553804,"NS"
"FOXN2(+)",-0.0411942681388403,0.322062811052363,"FOXN2",0.369378211688451,"NS"
"ZSCAN2(+)",-0.0172171467674746,0.323766164475628,"ZSCAN2",0.370873941797606,"NS"
"ZNF397(+)",0.0163492609449075,0.329437212829733,"ZNF397",0.376441784401995,"NS"
"ZXDC(+)",-0.0717557602340797,0.329226811327657,"ZXDC",0.376441784401995,"NS"
"HMBOX1(+)",0.0576975825094589,0.331398102833641,"HMBOX1",0.377374369069136,"NS"
"L3MBTL4(+)",0.0555665888507597,0.33093356071259,"L3MBTL4",0.377374369069136,"NS"
"ZBTB6(+)",-0.0182360700548826,0.331471996943396,"ZBTB6",0.377374369069136,"NS"
"ZBED1(+)",-0.0173368370547193,0.340089714475378,"ZBED1",0.386711560278612,"NS"
"MEF2D(+)",-0.0158256441811237,0.344879793510985,"MEF2D",0.391678885295483,"NS"
"MBD3(+)",-0.0258401215733144,0.347922580462535,"MBD3",0.394652108973987,"NS"
"ZNF511(+)",-0.0123857425272621,0.351991457324258,"ZNF511",0.398780565675898,"NS"
"ZNF575(+)",0.018383918407806,0.353618601967757,"ZNF575",0.400136030728436,"NS"
"ZNF85(+)",-0.0172239026907692,0.359417710101961,"ZNF85",0.406203227110367,"NS"
"SNAPC2(+)",0.012621116661503,0.362630305296658,"SNAPC2",0.409336031130735,"NS"
"ZBTB16(+)",0.0175077388063653,0.376598009114789,"ZBTB16",0.424586833091795,"NS"
"ZNF688(+)",0.0210504552808142,0.383600413254139,"ZNF688",0.431957313834055,"NS"
"GLI1(+)",-0.0254303408854091,0.386677224864769,"GLI1",0.434894844914492,"NS"
"ZNF846(+)",-0.02281357756854,0.388063782637351,"ZNF846",0.435926546638573,"NS"
"ZNF197(+)",-0.0206062977384391,0.39014342957093,"ZNF197",0.437733388975114,"NS"
"ZNF726(+)",0.00473071919710575,0.390736278742058,"ZNF726",0.437869726117457,"NS"
"ZNF865(+)",0.024864249909046,0.393640168706082,"ZNF865",0.440592429792712,"NS"
"ZNF44(+)",0.0330953960754291,0.395572690711419,"ZNF44",0.442222659050432,"NS"
"ZNF658(+)",0.179981827294576,0.400197831450394,"ZNF658",0.44685551131901,"NS"
"ZNF326(+)",-0.0180021785579232,0.407527683070569,"ZNF326",0.454493658550491,"NS"
"ZNF189(+)",0.00593402109057432,0.40870603064718,"ZNF189",0.455261273946319,"NS"
"ZNF275(+)",0.0215996412647949,0.411600336076791,"ZNF275",0.457936182293819,"NS"
"GFI1(+)",-0.020612863863864,0.423950028434704,"GFI1",0.47111193351177,"NS"
"ZFP14(+)",0.0307271814331259,0.432646400372657,"ZFP14",0.480201321321623,"NS"
"ZNF318(+)",-0.0588353003753637,0.436426225636091,"ZNF318",0.483818572334044,"NS"
"SREBF1(+)",0.0271455449045028,0.443196933247527,"SREBF1",0.490738916551791,"NS"
"SOX13(+)",0.00682147142415193,0.446573800164717,"SOX13",0.493889357563121,"NS"
"PLSCR1(+)",0.0199948635913613,0.448742843898984,"PLSCR1",0.495698099859877,"NS"
"ZBTB7B(+)",-0.0853141750609449,0.452487429735939,"ZBTB7B",0.499240881502004,"NS"
"CXXC1(+)",-0.00735272453377015,0.458767463070569,"CXXC1",0.505569363217745,"NS"
"ZBTB39(+)",0.0105510810016129,0.480546867903859,"ZBTB39",0.528943175690385,"NS"
"WIZ(+)",0.0212303593213235,0.481590287897207,"WIZ",0.529464352019533,"NS"
"ZNF597(+)",0.0497630675982898,0.48534981377802,"ZNF597",0.532966875886266,"NS"
"SETDB2(+)",0.0113388473018095,0.492921015679662,"SETDB2",0.540641822392451,"NS"
"DPF3(+)",0.018700780461484,0.497402180632616,"DPF3",0.544913473829836,"NS"
"ZNF490(+)",-0.0183044816134911,0.501931501041408,"ZNF490",0.5492277555565,"NS"
"PURB(+)",-0.0493047784093951,0.506319644229185,"PURB",0.553377587634015,"NS"
"ZNF850(+)",-0.011478986392148,0.507705260839702,"ZNF850",0.554239938096455,"NS"
"ZKSCAN5(+)",0.0348428888972368,0.508779659554521,"ZKSCAN5",0.554760919866373,"NS"
"ZNF584(+)",0.0188264280266975,0.509392412786614,"ZNF584",0.554777903257637,"NS"
"ZNF462(+)",-0.030967887506122,0.510155303729384,"ZNF462",0.554958169981964,"NS"
"ZBTB24(+)",0.0248855334503,0.514250823263551,"ZBTB24",0.558759081651274,"NS"
"RLF(+)",0.0432015110157211,0.51515609453496,"RLF",0.559088798858619,"NS"
"TFAP4(+)",0.0115793655810135,0.535271119462868,"TFAP4",0.580241388542595,"NS"
"ZNF415(+)",-0.000572190068209017,0.537284586942068,"ZNF415",0.58174519961443,"NS"
"ZNF408(+)",-0.133122470550493,0.544275247993262,"ZNF408",0.588628294977579,"NS"
"ZNF414(+)",0.0199174138478774,0.550832553375284,"ZNF414",0.595027258239115,"NS"
"FOXO1(+)",0.027597564423218,0.579003036065722,"FOXO1",0.624731498844432,"NS"
"ZBTB18(+)",0.0581862115990307,0.581647776589427,"ZBTB18",0.626857058528513,"NS"
"ZNF439(+)",0.00281288061514462,0.584093387946003,"ZNF439",0.62876333418521,"NS"
"TIGD1(+)",0.0793756743829021,0.585699623889447,"TIGD1",0.629762674297796,"NS"
"KLF16(+)",-0.0908255761796967,0.592547331604038,"KLF16",0.636388983884568,"NS"
"ZNF736(+)",0.0261643157290095,0.595629544493595,"ZNF736",0.638223583430853,"NS"
"SNAI3(+)",-0.0362049215631905,0.595629544493595,"SNAI3",0.638223583430853,"NS"
"BATF(+)",0.00470392390146435,0.598014008334368,"BATF",0.640040338413166,"NS"
"ZNF630(+)",0.00769177072136113,0.599606054156681,"ZNF630",0.641005781716406,"NS"
"ZNF845(+)",0.0428753224919433,0.603979247856988,"ZNF845",0.643632932448541,"NS"
"ZNF75D(+)",0.0227993023423118,0.604141999025972,"ZNF75D",0.643632932448541,"NS"
"ZNF681(+)",-0.0473659795487911,0.603594542685274,"ZNF681",0.643632932448541,"NS"
"ZNF559(+)",-0.018910096766917,0.607238844640326,"ZNF559",0.646191164571435,"NS"
"HSF1(+)",-0.00522329719960727,0.613990161868134,"HSF1",0.652627986699653,"NS"
"ZNF618(+)",-0.00528964571755802,0.616646153165436,"ZNF618",0.654702030046503,"NS"
"FOXO3(+)",-0.00492956764100003,0.62269296369351,"FOXO3",0.6603673096704,"NS"
"ZNF774(+)",-0.0118530899301245,0.623983466746794,"ZNF774",0.660981346189021,"NS"
"ZBTB25(+)",0.00828842394187144,0.634560468212357,"ZBTB25",0.671419903154077,"NS"
"POU3F1(+)",0.0196552009503583,0.641957527767541,"POU3F1",0.677702890109143,"NS"
"LEF1(+)",0.00496501008984323,0.641440994748884,"LEF1",0.677702890109143,"NS"
"THAP1(+)",-0.00905639673026832,0.647833796656031,"THAP1",0.683130076156019,"NS"
"ZNF485(+)",-0.0031674589985035,0.653150460095468,"ZNF485",0.6879555299645,"NS"
"IRF9(+)",0.00149164170766033,0.664606918179308,"IRF9",0.699229702138819,"NS"
"ZNF219(+)",0.019060096516059,0.66688923356285,"ZNF219",0.699255189593553,"NS"
"ZNF26(+)",0.0104290004448746,0.666796647104306,"ZNF26",0.699255189593553,"NS"
"ZSCAN30(+)",-0.0123333676915254,0.666572376365534,"ZSCAN30",0.699255189593553,"NS"
"ZBTB34(+)",0.0199182894417594,0.669236446138253,"ZBTB34",0.699348322229963,"NS"
"ZNF280D(+)",0.0191852709703971,0.668803821127776,"ZNF280D",0.699348322229963,"NS"
"ZNF609(+)",0.0112751699338509,0.668247750528524,"ZNF609",0.699348322229963,"NS"
"AEBP1(+)",0.0201444331585604,0.673657977225876,"AEBP1",0.703177821171728,"NS"
"ZNF266(+)",-0.0156114849949979,0.685538049089973,"ZNF266",0.714775362070241,"NS"
"ZNF141(+)",0.0146625586616123,0.693635009340702,"ZNF141",0.722406865109319,"NS"
"ZNF592(+)",-0.0536491124017006,0.694871374893696,"ZNF592",0.722884106692322,"NS"
"BRF2(+)",0.0293379343632877,0.702459450368958,"BRF2",0.729145060774035,"NS"
"ZNF787(+)",-0.0132925114383796,0.702427974710552,"ZNF787",0.729145060774035,"NS"
"CHAMP1(+)",0.00403303640495998,0.703970886746003,"CHAMP1",0.729898385923032,"NS"
"NFAT5(+)",0.0120736937360456,0.705515018277314,"NFAT5",0.730683892953874,"NS"
"NRF1(+)",0.0131772016526771,0.718767892020637,"NRF1",0.743580592079256,"NS"
"ZNF581(+)",-0.00809209355137778,0.723469631409211,"ZNF581",0.747612110766582,"NS"
"ZNF268(+)",0.0913124629809266,0.72611069213267,"ZNF268",0.7495075922125,"NS"
"ATF1(+)",0.0058927341883017,0.727608171914331,"ATF1",0.750219746624211,"NS"
"ZNF283(+)",-0.00466710624437967,0.743085370625903,"ZNF283",0.765328502562598,"NS"
"RELA(+)",0.0077690544284343,0.750509429510375,"RELA",0.772118781855081,"NS"
"FOXK1(+)",-0.0121747374350793,0.765296894455706,"FOXK1",0.786461078483795,"NS"
"ZNF254(+)",-0.00336617088476649,0.790741438514813,"ZNF254",0.811711377215758,"NS"
"ETV1(+)",-0.101711847146895,0.795996321691454,"ETV1",0.816203733831524,"NS"
"ZNF529(+)",0.0355784775120087,0.805996297602014,"ZNF529",0.824451942533362,"NS"
"RORB(+)",0.0243907682427604,0.806702708033182,"RORB",0.824451942533362,"NS"
"ZNF780B(+)",-0.0137002649778789,0.80581561158084,"ZNF780B",0.824451942533362,"NS"
"ZNF711(+)",-0.0927228524614199,0.810873613297895,"ZNF711",0.827803941487631,"NS"
"POU2F2(+)",-0.0131656546832396,0.813742459004223,"POU2F2",0.829820795186523,"NS"
"LYL1(+)",0.0272027938975786,0.821374848983977,"LYL1",0.83668556437074,"NS"
"ZBTB20(+)",0.0115358618493252,0.831936230596233,"ZBTB20",0.845589451010832,"NS"
"DOT1L(+)",0.00628301167709137,0.83147279610983,"DOT1L",0.845589451010832,"NS"
"PBX3(+)",0.0313725386426222,0.844835897674315,"PBX3",0.857762348567693,"NS"
"CAMTA2(+)",-0.0574729002895745,0.852833638445647,"CAMTA2",0.864937172615727,"NS"
"ZNF256(+)",0.0154551449847333,0.857137011202726,"ZNF256",0.8683536351225,"NS"
"ZNF586(+)",0.0189051895143935,0.877711305991011,"ZNF586",0.888228543862363,"NS"
"RFX8(+)",-0.0164781370814213,0.883450263454988,"RFX8",0.893063432807055,"NS"
"SMAD3(+)",0.014063235866541,0.884676243273179,"SMAD3",0.89333068478346,"NS"
"ZNF704(+)",-0.02606907843451,0.906426129912253,"ZNF704",0.914299538206822,"NS"
"E2F7(+)",-0.00331398770488871,0.908142675523445,"E2F7",0.915037468070803,"NS"
"FAM200B(+)",-0.00977862788915413,0.911675125264173,"FAM200B",0.917601507443572,"NS"
"ZBTB1(+)",-0.028396127938658,0.913963743049069,"ZBTB1",0.918909434299335,"NS"
"THRA(+)",-0.0344729124777306,0.938303485700151,"THRA",0.942361014286963,"NS"
"ZNF587(+)",0.0131302007334355,0.939534379299039,"ZNF587",0.942578227180137,"NS"
"ZNF100(+)",0.0119136419743473,0.986491115297309,"ZNF100",0.988619467218123,"NS"
"MTF1(+)",0.00183754011464744,0.987980697197348,"MTF1",0.989045331569328,"NS"
"ZNF184(+)",-0.0132405721401344,0.995293699739471,"ZNF184",0.995293699739471,"NS"
