"gene","nes","pval"
"FOSB",9.64013074819431,5.41190005417785e-22
"AKNA",-8.85003923778079,8.74885311706445e-19
"ETS1",-8.75033648628918,2.1271751515411e-18
"ZEB2",-8.45973785656738,2.6797923144888e-17
"KLF13",-8.22879647662633,1.89103760558411e-16
"JUNB",7.36509895746561,1.7701550750361e-13
"KLF2",-7.32494128198383,2.39003338882731e-13
"RUNX3",-6.58655220723422,4.5015731509751e-11
"NR4A1",6.57884991099676,4.74101035538744e-11
"REL",6.06366895621746,1.33050871669104e-09
"PRDM1",-5.70559380466837,1.15938185268e-08
"ATF3",5.45678678675589,4.84827938022286e-08
"FOS",4.86447259736315,1.1476240486011e-06
"BPTF",-4.41337715203361,1.0177047693211e-05
"NR4A2",4.22480105988619,2.39151947419932e-05
"ZNF331",4.21909834588751,2.45281270842444e-05
"JUN",3.85601375103698,0.000115251007465152
"ZNF683",3.80562057179257,0.000141449086168188
"IKZF1",-3.80168537235533,0.000143715154265195
"DRAP1",-3.7250229120115,0.000195297482905076
"SON",-3.67136429541857,0.000241259168784274
"JUND",-3.66492230000173,0.000247413685122695
"EGR1",3.65782618005396,0.000254363447303414
"EGR3",3.2420156654364,0.00118687498153514
"GPBP1",3.23782994753912,0.00120442577557099
"KLF6",3.23712849277025,0.00120739033790571
"PA2G4",-3.11438550371363,0.00184328481498027
"GTF3A",-2.93794379568145,0.00330396915089467
"ZNF207",-2.48004390224883,0.013136620709617
"MYB",2.47724834598727,0.0132399740290542
"MXD1",2.33918561488701,0.0193258292468198
"ASCL2",-2.30163003139099,0.0213560450560482
"YBX1",2.27043157541305,0.0231814104956031
"ZNF90",-2.25428258501212,0.0241783961987117
"STAT4",-2.11059219487861,0.0348073791248296
"MXD4",-2.07427787982642,0.0380535109441292
"ZFHX2",2.05353281451561,0.0400209305863014
"FOXN3",-1.99705692839053,0.0458189991387145
"TOPORS",1.96038813808756,0.049950441236693
"HMGN3",-1.91778779891795,0.0551379234763911
"TBX21",-1.91562382835234,0.0554129943038954
"AHRR",1.88294013303299,0.0597084815913325
"SNAI1",1.8668783538717,0.0619185773250643
"PIN1",-1.86323769736221,0.0624288313045612
"NFKB1",1.80349700488582,0.0713101953994873
"PHF19",-1.71805109691719,0.0857872956085643
"ELF1",1.71684896272252,0.0860067721192496
"MYBL1",-1.64088775456481,0.100820717402803
"RORA",-1.55080524161499,0.120948364105812
"ZNF292",-1.53897919083002,0.123809376481808
"ETV4",1.53888733177912,0.123831804392657
"DPF3",1.48254735627864,0.138194712752311
"MEF2C",-1.44062618591877,0.149690318453121
"KLF3",-1.37247525217974,0.169915537842323
"CEBPB",-1.36197319380743,0.173206345020771
"TFEB",-1.34135006956356,0.179806820582566
"ATF4",1.31984193357882,0.186887797774224
"PHF20",-1.2809744887879,0.200202626922654
"NME2",-1.2572296045661,0.208670506186224
"ZHX2",-1.25031385861939,0.211184917843424
"ZNF696",-1.2229274641669,0.221357094272849
"MAZ",-1.21285918666015,0.225183662022977
"CREBZF",-1.19162431979472,0.233408584674533
"NFKB2",1.10318488591347,0.269946883498238
"MXD3",-1.10060057533713,0.271070535035115
"IRF7",1.0998790253547,0.27138483457954
"XBP1",-1.08165589449081,0.279405458071239
"CSRNP1",1.06708555734802,0.285933202997023
"CENPA",-1.06344268526141,0.287581243985987
"FOXD2",-1.06286185692203,0.287844602830355
"EGR4",1.05439213373613,0.291703422211534
"TAL1",-1.04165979738532,0.297569434270425
"CREM",1.02089024072227,0.307306443395233
"SP100",-1.01057892972145,0.312218004632364
"ATF6B",-0.991698344088016,0.321344699077716
"ZNF583",-0.97422184418334,0.329946400812431
"GTF2I",-0.954703145927775,0.339727838517657
"ZNF239",-0.951144235618517,0.341531161787572
"RBPJ",0.946636042970896,0.343824271030479
"BACH2",0.941533846804461,0.346431352554785
"KLF4",0.930998012809709,0.351854592101409
"TFDP2",-0.919276614518615,0.357950906446685
"PLSCR1",0.916548489695639,0.359379287063848
"EGR2",0.901694184145203,0.367219343312249
"MECP2",-0.901390333802399,0.367380819019373
"KLF12",-0.891562537209824,0.37262745767378
"ZNF845",-0.889758527611852,0.373595559765452
"SOX5",0.873094190718062,0.382611740056263
"DNMT1",-0.868326761508292,0.385215475860625
"CASZ1",-0.844195352384589,0.398560251221878
"ZNF276",-0.839696428628648,0.401078616931949
"E2F7",0.836045219735918,0.403129464261167
"EPAS1",0.830129419793338,0.406465615063349
"ZNF398",-0.821763450661716,0.411211539075113
"HIVEP2",-0.812999076462009,0.416218587667996
"OVOL2",0.807765533595797,0.419225569843883
"SP140",-0.792321364987084,0.428173317173418
"ZBTB1",-0.790957735098188,0.428968655417933
"ZNF205",-0.788601686515778,0.43034484492175
"ZBTB38",-0.779871252620065,0.435466660979485
"SOX15",-0.775542940803866,0.438018901885545
"ZNF655",-0.772289257559921,0.439943126457125
"YY1",-0.749501666689901,0.453554894462489
"BATF",0.738598880069935,0.460150604487752
"FOXM1",-0.736736267981977,0.461282746820467
"ZNF440",0.733731759004425,0.463112238394902
"DEAF1",-0.724958094050095,0.4684777393748
"ZNF367",0.717559619301901,0.473028863431064
"MYC",0.716351366083001,0.473774417011449
"ZNF254",-0.710777457278676,0.477222152016573
"ZNF782",-0.707187122619231,0.479450199991479
"ZFPM1",-0.706354778916098,0.479967535442082
"ZNF296",0.705236757186882,0.480662910170219
"ZNF625",-0.703080622249251,0.482005507518771
"ETS2",0.699258085183778,0.484390756377043
"ZNF529",-0.696066865083928,0.486386956200977
"TSHZ2",0.692682871820774,0.488508590361644
"TERF1",-0.689933079168,0.490236272376417
"TSHZ3",-0.686101806395043,0.492648911907223
"ZBTB7A",-0.685453586826491,0.493057739115373
"LYL1",0.675801104198673,0.499166933553573
"ZNF891",0.667695989792851,0.504327670356988
"EEA1",-0.667632809289052,0.504368009268182
"HHEX",0.66581153638012,0.505531570116263
"ZNF484",-0.647863270821429,0.517073388401945
"ZNF154",-0.645175788153618,0.518813274526533
"SMYD3",-0.641706219788988,0.521063950010523
"ZXDB",-0.639939653786282,0.522211832697041
"ZNF165",0.636300022951914,0.524580889999802
"ZNF25",0.635316291708801,0.525222150229882
"NFYA",-0.626786218999102,0.530799378152801
"BHLHE40",-0.626403152719416,0.531050542180294
"ZNF100",-0.616916918676889,0.537289526790705
"ZNF385C",0.614054265769179,0.539179468454978
"E2F1",-0.612412633785256,0.540264785123197
"CEBPA",-0.607150689864513,0.543750912933352
"ZNF660",-0.606753696617646,0.544014381068358
"ZNF501",-0.604666161614791,0.545400836191747
"NKX2-1",-0.600674784558141,0.548056616926267
"ZNF287",-0.599924169873675,0.548556773577247
"PPARD",-0.59779364211744,0.549977633479526
"HEYL",0.596278620022854,0.550989111388629
"ZNF644",-0.586396835669146,0.557608870261486
"ZNF142",-0.585453402915749,0.558242889684097
"ZNF148",-0.584339986278993,0.558991594768085
"ZNF783",-0.584080040028794,0.559166463021961
"ZNF627",-0.583187191118986,0.559767292941949
"NRL",-0.576236249993653,0.564455506171726
"ZNF417",-0.574151462818541,0.56586531105718
"ZNF805",-0.572422023393713,0.567036099076507
"LCORL",-0.566802269588206,0.570848528446241
"ASH1L",-0.5652372655218,0.571912392710609
"ZNF92",-0.565183245112307,0.57194913172525
"ZNF197",-0.562340055818036,0.573884352143719
"THAP5",-0.559165682298838,0.576048651671875
"ZBTB44",-0.557392319509284,0.577259411913208
"TET2",-0.555932608625735,0.578256925437401
"ZNF404",-0.552418541961293,0.580661629794121
"ZNF623",-0.550255635935924,0.582144048357539
"ZNF658",-0.544704248710186,0.585956942246161
"ZNF678",-0.543112700238162,0.587052208823021
"MYSM1",-0.53758546675529,0.590863265890097
"FOXO4",0.531124512972846,0.595332498544943
"IKZF3",-0.529377014783902,0.596543939809303
"TMF1",-0.524002227183366,0.60027699078852
"POU3F1",0.523979503736764,0.60029279573114
"ZNF821",0.52261746833493,0.60124048191464
"ZNF211",-0.520825862170304,0.602488085173951
"NR4A3",0.518901483257063,0.603829443382178
"ZXDA",0.514721183745214,0.606747868226967
"HOXB4",-0.513835589261174,0.607366943362094
"ADNP",-0.512708479123771,0.608155257571489
"HOXA5",-0.512207944839328,0.608505483349639
"ZNF700",-0.511803545305867,0.608788508859469
"ZMAT4",-0.51043742551477,0.60974504277451
"FLI1",-0.508717539421693,0.61095022648778
"ZNF160",-0.5071074414508,0.612079433973799
"NKRF",0.505875509035407,0.612944046169773
"ZNF516",-0.504294264361071,0.614054607403868
"HOXA10",-0.503290345367685,0.614760153343731
"TIGD7",-0.503149800485709,0.614858955586865
"ZNF563",-0.501519737863475,0.616005390311292
"GRHL2",-0.49972863557481,0.617266166423076
"ZNF124",-0.498424991307614,0.61818452568357
"GZF1",0.49811252711012,0.618404731504942
"FOSL2",-0.497372172090424,0.618926625626154
"ZBTB48",0.493667991822397,0.621540674009352
"ZNF91",-0.48822595264844,0.625389803763256
"EOMES",-0.485179209549575,0.627549228443786
"ZNF519",0.482684464038668,0.629319796023691
"PHF1",-0.482061572138276,0.629762207220785
"MYPOP",-0.480887042174074,0.630596782681314
"ZSCAN16",-0.47626291525791,0.633887081982372
"ZSCAN22",-0.474904877225561,0.634854774974988
"ZNF595",-0.474809351763943,0.634922866777608
"ZBTB34",-0.474797696593489,0.63493117494747
"ZFAT",-0.473577919356607,0.635800924316892
"ZNF599",-0.47255645282582,0.636529657004634
"GLI1",-0.470756645080281,0.6378145281579
"THAP9",-0.470242816448434,0.638181547096029
"TCF12",-0.469714907403355,0.638558715800281
"ATF6",-0.468988234789346,0.639078045651647
"PRDM15",-0.46814380765828,0.639681753274184
"HOXC10",-0.46703647307766,0.640473783429229
"ZNF620",-0.466003272209877,0.641213158342839
"ZNF443",-0.464730120458841,0.642124735566714
"MEIS2",-0.464112482757821,0.642567158861117
"GTF2B",0.463667044523098,0.642886311786926
"CIC",-0.463186383960188,0.643230775175473
"ZBTB18",-0.461914652450368,0.644142526012629
"PRR12",-0.461618181032457,0.644355154265276
"ZNF30",-0.460958357246851,0.644828481987461
"ELK1",-0.459385801939001,0.645957142198818
"MAFG",0.457587345142353,0.647248936953122
"SP3",-0.456188252650943,0.648254612154852
"DDIT3",0.456157342757012,0.648276837607799
"THAP1",-0.455312430510335,0.64888448468738
"CARF",-0.455088698303021,0.649045428401544
"HES2",0.453388766238419,0.650268824192178
"ZNF708",-0.451194899426619,0.651849085457506
"ZNF787",-0.450106972511499,0.652633309483181
"RUNX2",0.449550616448608,0.653034503103739
"MYRF",-0.448959898023597,0.65346058559046
"ZNF408",-0.446413095936845,0.655298874723363
"PHF21A",-0.446137765792892,0.655497734247344
"ESR2",-0.445698799174194,0.655814832114163
"EBF4",-0.445055825503803,0.656279411260302
"FOXP4",-0.44243677170012,0.658173174796306
"NFIL3",-0.44228127206397,0.658285681328755
"THAP11",-0.441371653491947,0.658943960206584
"ZNF414",-0.440558781324499,0.659532448671254
"NR1D1",-0.440434729279635,0.659622276169531
"ZBTB26",-0.439816146060723,0.660070272555977
"ZNF133",0.437618639902041,0.661662756717234
"ZHX3",-0.43638770712288,0.662555456404132
"SLC2A4RG",-0.434756247446263,0.663739366031148
"ZEB1",0.433926519214848,0.664341801540121
"ZNF808",-0.433893958542067,0.664365447086971
"ZNF354C",-0.433640205598595,0.664549733812309
"FOXK1",-0.433094367175795,0.664946214779478
"PBX4",-0.432775497615274,0.66517787562609
"ZNF219",-0.431918526018741,0.66580062953334
"GPBP1L1",-0.43149008578062,0.666112059846039
"AHCTF1",-0.431477562885931,0.666121163519837
"ZNF44",-0.430848133707825,0.666578798223311
"ZNF226",-0.430054368979423,0.667156092178729
"RFX8",-0.429725634564107,0.667395233842878
"ZNF552",-0.424928715654769,0.67088864065601
"RELB",0.424597207790796,0.671130328837364
"ARID5A",0.423319134402776,0.672062435621627
"ZNF483",0.422511197517153,0.672651929272665
"ZNF551",-0.42133896187205,0.673507583390175
"ZNF615",-0.420784467036851,0.673912475098919
"GLI4",-0.420400256717886,0.674193080603076
"AHDC1",-0.41998943914339,0.67449316868703
"CDC5L",-0.419158419435296,0.675100358223357
"ZNF672",0.417708377987613,0.676160346089622
"VEZF1",-0.417581827506347,0.676252885648889
"RXRB",-0.416921084810276,0.676736130635116
"ELF2",-0.416320661946743,0.677175375193432
"ZNF43",-0.414726400045671,0.678342203861481
"BACH1",-0.413634503503034,0.679141800415931
"FOXC1",-0.412384483774265,0.680057634104621
"FOXJ3",-0.409547264272148,0.682138088684451
"DMTF1",-0.408646444481925,0.68279914149251
"PRDM2",-0.406768939369019,0.684177701624391
"ZBED2",-0.406177506213543,0.684612180385941
"ZNF736",-0.405834807545425,0.684863981535255
"POGK",-0.40203425715652,0.687658814900428
"FOXD1",0.401888676870932,0.687765956343731
"ZBTB37",-0.401596412730992,0.687981070337335
"ZBED3",-0.398752265394091,0.690075752711038
"NR2C1",-0.394806477234711,0.692985714317018
"ZBTB43",0.393846914975475,0.693694064828453
"TRPS1",-0.393845943619897,0.693694782020563
"GATA3",0.393722779182717,0.693785721655618
"ZNF407",-0.393181066976377,0.694185752359928
"ZFP57",-0.392920820842256,0.694377963023304
"HOXB2",-0.392337344919797,0.694808973769893
"ZNF502",-0.392008004201494,0.695052299688376
"NR2C2",0.391070127480878,0.695745400672449
"KLF9",-0.389595637872508,0.69683557824395
"THRA",-0.388591893477945,0.697578064465179
"CTCF",-0.3884299355298,0.69769789457681
"ZNF37A",-0.388259701354681,0.697823856263546
"ZNF577",-0.38703889109704,0.698727416401614
"ZFP69",-0.386837302614392,0.698876659499421
"ZNF382",0.385613609514957,0.699782852436941
"TFCP2",-0.385373631816405,0.699960615574425
"TIGD6",-0.382690925033852,0.701948943952249
"ZBTB40",-0.381438439821491,0.70287794225063
"ZKSCAN1",-0.3809504854251,0.703239989954278
"ZNF3",-0.380172160489259,0.703817623265565
"ZNF318",-0.378475710718248,0.705077234233923
"CSRNP2",0.377218884745558,0.706010947180418
"SETBP1",-0.377053163738743,0.706134096616886
"ZNF883",0.375960019401252,0.706946619057949
"BCL11A",-0.37592414038204,0.706973293213112
"ETV1",-0.373300216401231,0.70892501540586
"ESR1",0.370627682560002,0.710914860567862
"NCOA1",-0.369102028066231,0.712051677340871
"TBX1",-0.368357936684436,0.712606357456727
"PRRX1",-0.367671075459024,0.713118510535833
"ADNP2",-0.36661784225757,0.713904097396761
"ZNF420",0.366487713783623,0.714001178854907
"ZFX",-0.366238176683008,0.714187357253318
"ESRRA",-0.365375073503801,0.714831445418816
"ZNF22",-0.365009183448638,0.715104551116079
"L3MBTL1",0.364812047508378,0.715251711392728
"ZNF134",-0.364222580531028,0.715691806518742
"NFAT5",-0.364116942958366,0.715770685354378
"ZNF117",-0.363541469682144,0.716200440484232
"ZNF282",-0.36311730252147,0.716517259962935
"KLF5",0.360080147129939,0.718787198704986
"SAFB",-0.359603054930114,0.719143998709527
"ZNF428",-0.359276406228858,0.719388322771962
"ZNF791",0.359028095328083,0.719574071543246
"ZNF844",0.356233296568208,0.721665858303902
"ZNF776",-0.354450511817528,0.72300128545719
"ZNF202",-0.352800838943931,0.724237754781056
"TRAFD1",-0.352130442265198,0.724740439017311
"ZNF546",-0.351863866292567,0.724940358945028
"DACH1",-0.351625548813514,0.725119102157022
"TCF20",-0.351469325964083,0.725236280767493
"ZNF273",-0.349234273669867,0.726913437433028
"GTF2IRD2B",0.348072113728545,0.727786026423997
"NR3C2",0.347819089952209,0.727976052068861
"PBX2",-0.345026952049081,0.730074108658365
"ZNF500",-0.342922760253611,0.731656568632848
"MSANTD3",-0.341035603298324,0.733076779098695
"ZNF224",-0.339704141672395,0.734079342441128
"ZNF774",0.338893775439859,0.734689753755576
"THAP3",-0.337919266311242,0.735424028310735
"TCF7L1",-0.33779070957953,0.735520911493284
"ZNF280D",-0.336880532811491,0.736206960996566
"NFX1",-0.335996522945482,0.736873488497297
"CEBPZ",-0.335211131449379,0.737465825642461
"XPA",-0.333984946146222,0.738390918313604
"PBX3",-0.33361835538767,0.73866756549969
"TERF2",-0.333589231986094,0.738689544883855
"ZNF268",-0.333097834595673,0.739060433886053
"HIC1",0.332687185159005,0.739370423820654
"HEY1",-0.332598136766462,0.739437650019512
"DR1",-0.332480788811074,0.73952624373277
"GFI1",-0.332470800168563,0.739533784977629
"TCF3",-0.331987360906495,0.739898802822829
"ZNF813",-0.329989759929274,0.741407699543062
"ZNF212",-0.329351007945626,0.741890393874045
"NR1D2",-0.328046694391132,0.742876357325309
"ZNF773",-0.324995231043096,0.745184681031969
"BNC2",-0.3245996589015,0.745484085420019
"MAX",-0.324110735228765,0.745854199721306
"ZBED1",-0.323569594975153,0.746263910258795
"FAM200B",-0.323539163541049,0.746286952774534
"ZNF71",-0.323522525431208,0.746299551156387
"ZNF251",-0.323400879819839,0.746391663310677
"ZNF616",-0.322668314009139,0.746946451351704
"ZNF12",-0.319705948536516,0.74919124999979
"ZNF567",-0.318915034911677,0.749790942961209
"BCL11B",-0.318796347623847,0.74988094806449
"STAT1",0.318044435689455,0.750451230684111
"HOXB7",-0.317963112222819,0.750512918106829
"ZSCAN2",-0.315968630331942,0.752026318642566
"CENPB",-0.314836094140764,0.752886105129927
"ZNF490",-0.314485264410426,0.753152506472464
"ZNF614",-0.31162777960605,0.755323419754617
"ZNF467",-0.310747865436954,0.755992306031103
"SP1",-0.310503418694528,0.756178160132189
"ZNF33A",-0.308414331352398,0.757767078284753
"SMAD4",-0.30810735581642,0.758000644199405
"CHAMP1",0.307503271286642,0.758460333448692
"TP53",-0.307459086075716,0.758493960352271
"ZNF681",-0.306835817086994,0.758968344315786
"SRCAP",-0.306756136967693,0.759028997180747
"REXO4",-0.306425101503453,0.759280998734121
"NR3C1",-0.306022526501647,0.759587494379742
"ZNF688",-0.305767401186889,0.759781750527088
"TTF1",-0.305325252993838,0.760118444513371
"RBSN",-0.304590035082951,0.760678410462788
"MBD6",-0.304035870402665,0.761100563269012
"ZFHX3",0.302252317150823,0.762459724733855
"ZNF528",-0.30120698318417,0.763256665148331
"ZNF836",-0.300688299754981,0.763652191585438
"GTF2IRD2",-0.299968191396657,0.76420141856534
"ZNF624",0.299761855951675,0.76435881258609
"ZNF641",-0.299645357459074,0.764447682695136
"ZNF717",-0.299467155748057,0.76458362870048
"ZNF283",0.29805806643501,0.765658845850895
"HIVEP3",0.297948837099007,0.765742213079538
"HES4",0.297787607599444,0.765865273409243
"PURA",-0.297491619875123,0.766091204931788
"ZNF585B",0.294933187656333,0.768044918901221
"ZNF362",-0.292046633742012,0.770250968798973
"KMT2A",-0.29164053572578,0.770561479030264
"ZNF26",-0.291095358066081,0.77097839000886
"KCMF1",-0.290610729448873,0.771349053178533
"RBCK1",-0.289164616860871,0.772455407393379
"ZNF775",-0.288723862908894,0.772792700073612
"ZBTB21",0.287417416108287,0.773792727395587
"ZNF33B",-0.286745300727529,0.774307348443365
"ATF5",0.286544627514492,0.774461017876513
"ZNF438",-0.285545001886721,0.775226632260464
"ZMAT1",-0.28535518267226,0.775372039722531
"ZNF445",-0.285221445002386,0.775474491695189
"ZBTB45",-0.285211459542477,0.775482141380115
"ZNF263",-0.283769706564373,0.776586871247259
"IKZF2",-0.283750419425346,0.776601652907844
"ZNF541",-0.283153444452255,0.777059214418973
"ZNF669",-0.281627651700855,0.778229035083925
"MAFF",0.281195654394502,0.778560337543698
"ZNF354A",-0.280011512179778,0.779468672613442
"ZNF814",-0.278720429676948,0.780459382957825
"E2F3",-0.277159892974876,0.781657334426959
"TFAP2A",-0.276922143699622,0.781839889050503
"MXI1",0.276897228266498,0.781859020940495
"ZNF350",-0.274997555021099,0.783318116730928
"ZNF85",-0.274041128513202,0.78405301503596
"ZNF28",-0.273324389138001,0.784603869025564
"ZBTB4",-0.273229551236596,0.784676765307028
"ZNF337",-0.272730182227124,0.785060631852487
"ZNF426",-0.272407887140028,0.785308408877602
"ZBTB33",-0.271472337254616,0.786027772792805
"PBX1",-0.270469589504547,0.786799009421532
"ZNF714",-0.270078617233926,0.787099772017044
"ZNF492",-0.269447670879447,0.787585206046714
"ZNF682",0.269223740481739,0.7877575122358
"ZNF880",-0.268825741466604,0.788063783445723
"TFAP4",-0.267715449808929,0.788918356555892
"ZFY",0.266824608138306,0.789604206384908
"ZNF280B",-0.26547520798186,0.790643406040781
"ZNF217",-0.265296309191445,0.790781207517504
"ETV6",-0.264932425956981,0.791061518281747
"ATF1",-0.264787122061362,0.791173458020279
"IRF1",0.264219717234552,0.791610618620849
"ZNF780B",-0.261977448172036,0.79333882889213
"ZNF609",-0.260328131910358,0.794610674356214
"ZNF831",-0.260267909835895,0.794657124059987
"PKNOX1",-0.259906091592347,0.794936212302826
"ZNF555",-0.259852544516522,0.794977518031792
"CENPBD1",-0.259761449280209,0.795047789391962
"HIVEP1",-0.259025678659748,0.795615427753759
"JAZF1",-0.258908473847173,0.795705859882688
"ZNF570",-0.257857609509479,0.796516801440458
"ZNF397",0.257844990903504,0.796526540430205
"SREBF2",-0.257396863824591,0.79687242365549
"ZNF667",-0.25644890884753,0.797604226351163
"NRF1",-0.256289794436624,0.797727077018741
"ZNF606",-0.255882565056442,0.798041517619511
"IRF4",0.254985038715454,0.79873465475868
"ZBTB6",-0.254955196702401,0.798757703726801
"ELK3",-0.254873046632107,0.798821154586452
"ZNF319",-0.254498808900362,0.799110224167166
"ZNF430",-0.254385588560345,0.799197683512651
"ZNF675",-0.253757577077217,0.799682849414892
"ZNF136",-0.253520853279652,0.799865748813963
"HOXA4",0.252913101462913,0.800335365038032
"HES6",-0.251927753130295,0.801096907391492
"ZNF525",-0.251072031111949,0.801758419375221
"ZNF169",-0.250962020342615,0.801843473017011
"ZNF451",-0.250179103287144,0.802448844674224
"ZNF799",-0.248936964903351,0.80340954128476
"ZNF765",-0.248771159432655,0.803537801317895
"ZNF493",-0.248274421861241,0.803922087949376
"ZNF526",-0.248108826767191,0.804050206334634
"ZBTB5",-0.247569774912765,0.804467298929683
"ZNF446",0.246980252646807,0.804923506843851
"ANKZF1",-0.246336067374553,0.805422092240392
"ZNF266",-0.246326928911241,0.805429165781988
"ZNF281",-0.246074526052879,0.805624542132492
"STAT5B",-0.245909832580441,0.805752032214514
"GTF2IRD1",0.245126695852161,0.806358333065169
"ZNF562",-0.244860932720834,0.806564112129171
"ZBTB7B",-0.243772051751939,0.807407366907547
"ZNF181",-0.243686830366034,0.807473373791405
"ZNF175",-0.241987964079855,0.808789489392147
"MBNL2",-0.241932622366237,0.808832371865446
"NPAS2",-0.241739408320888,0.808982091573691
"ZNF320",0.241730730887612,0.808988815797531
"GATAD2A",-0.240802551856616,0.809708151717441
"ZNF19",-0.240334228423492,0.810071162020599
"KIN",-0.239872075274992,0.810429429624328
"ZNF14",-0.239830829508803,0.810461405852508
"KMT2B",-0.239823908916069,0.810466771148176
"PREB",-0.239286114842164,0.81088373146708
"FOXP1",-0.239015845210977,0.811093296087729
"ZNF462",-0.238887324111311,0.811192954933129
"ZNF358",0.238312883491716,0.811638429591363
"ZNF84",0.238024800550984,0.811861858855581
"MLXIP",0.237845914891209,0.812000605401551
"ZIK1",-0.237711347382613,0.812104981979768
"SMAD3",-0.23748942284558,0.812277123869102
"ZNF777",-0.23683103511735,0.812787873828201
"HMGA1",0.236769465096511,0.812835641378521
"ZNF83",-0.236502746939295,0.813042575984693
"E2F5",-0.235797920638191,0.813589481759126
"ZNF654",0.235203169833393,0.8140510458329
"ZNF384",-0.234848227680773,0.814326534069327
"ZNF584",0.234190243027106,0.814837289365369
"NFIA",-0.233408865912259,0.815443929285231
"ZNF721",-0.233047020415423,0.815724893783833
"ZNF213",0.232888603610813,0.815847908157682
"STAT3",0.232567463126329,0.816097295217911
"TIGD5",-0.232347686068973,0.816267977536107
"ZNF618",-0.229696679417902,0.818327475367451
"FOXN2",-0.229497039561695,0.818482621321236
"SNAPC4",0.227761828062302,0.819831403542585
"ZNF79",-0.227757145564133,0.81983504397773
"ZNF473",-0.227558050291293,0.819989835334222
"ZNF250",-0.227519284758508,0.820019975335821
"ZHX1",-0.22714016859231,0.820314750203506
"ZNF24",-0.225128239246004,0.821879513060917
"KLF11",0.224793485638831,0.822139934101568
"ZNF737",-0.224389486062621,0.822454251029691
"ZNF594",-0.22363312751509,0.823042784397528
"SGSM2",-0.222935092546671,0.823586023701889
"SOX13",-0.22246303497689,0.823953446105622
"UBP1",-0.221620953140959,0.824608969831438
"ZNF793",0.220820391636257,0.825232285256771
"ZNF41",-0.220564137862244,0.825431827181864
"ZNF771",-0.220538455052653,0.825451826718212
"ZNF143",0.220361074863198,0.825589958060564
"MBD2",-0.220066553171824,0.825819322972521
"ETV7",-0.218269410250279,0.827219206943335
"FOXO3",-0.217648206383497,0.827703221473337
"ZNF664",0.217254721397511,0.828009841408281
"SMAD5",-0.21692118690817,0.8282697659408
"ZNF20",0.216886003548827,0.828297185546319
"ZBTB17",0.216605895463759,0.828515490900007
"ZNF706",0.216313296580071,0.82874354524118
"IKZF4",0.215450593282284,0.829416028313189
"ZNF569",-0.21538096160556,0.829470312135871
"SNAPC5",-0.215180883851302,0.82962629431591
"REST",-0.215035500983816,0.829739640148138
"NR5A2",-0.214985133848882,0.829778909046163
"BAZ2A",-0.214471694091888,0.830179238240733
"TSC22D1",0.214329653190032,0.830289995381078
"ZNF248",-0.213709480366784,0.830773617874907
"ZNF34",-0.213128026718861,0.831227104650917
"TCF7",0.213034602431979,0.831299973276187
"ZNF182",0.212761615533197,0.831512904590611
"ZNF75A",0.211789665717617,0.832271131208409
"HMBOX1",-0.211547176351084,0.832460323657253
"ZNF764",-0.21072223404573,0.833104023889192
"ZNF131",0.210644823538301,0.833164432846802
"MBD3",-0.210553961121624,0.833235340548324
"AKAP8L",-0.210179734423917,0.833527395885107
"MTF2",-0.2101670167692,0.833537321446482
"KDM5B",-0.209815150295908,0.833811948025727
"ZNF487",-0.209442978373774,0.83410244477128
"ZNF846",0.209269368606952,0.834237962667037
"ZNF582",-0.206687462543096,0.836253949424652
"ZNF786",0.206633475118483,0.836296115058036
"IRF5",0.206515418615578,0.836388322006787
"ZBTB11",-0.204600746424063,0.837884072176917
"ZKSCAN5",0.204176562951424,0.838215525620875
"KAT7",0.203949767509556,0.838392753477752
"ZSCAN32",-0.203138509832237,0.839026772681889
"ZNF564",-0.202833719284592,0.839265001533715
"NACC2",-0.202044104372697,0.839882244812532
"DOT1L",-0.20195839705153,0.839949248298286
"MGA",-0.201955786358284,0.839951289280382
"ZC3H8",0.200575374907775,0.841030614729091
"ZNF571",-0.199746028398659,0.841679213642681
"CUX1",-0.198620443925659,0.842559660285315
"ZNF518B",0.197741955440885,0.843246962102604
"ZNF837",-0.1976972073939,0.843281974770357
"HMG20A",-0.196569664342214,0.844164311757507
"ZNF121",-0.195825953510092,0.844746395385351
"FOXJ2",-0.19469853114662,0.845628961882237
"HSF1",0.194083335521809,0.846110629853823
"RFX3",0.193094481447221,0.846884974495282
"SP4",-0.192082206123093,0.847677812836339
"TCF7L2",-0.191736185625493,0.847948859795727
"ZNF649",-0.191510847590262,0.848125382678044
"KLF7",-0.189767284481409,0.849491493219945
"MTERF1",-0.189143815631151,0.849980101318349
"ZNF260",-0.188974728801473,0.850112623403253
"SP110",0.188047952586657,0.850839060923671
"WIZ",-0.187951614654411,0.850914581022127
"MSANTD4",-0.187834507904537,0.851006383809111
"ZNF789",0.187244440336659,0.85146898261031
"KDM2B",-0.186889525049789,0.851747252299028
"ATF2",-0.186336538015456,0.85218085599694
"ZNF785",-0.18610785046351,0.852360185688206
"ZNF345",0.185847200146744,0.852564588895848
"NFYC",-0.185256838366247,0.853027589979076
"ZNF429",-0.18521586606583,0.853059725070795
"ZNF222",0.183733707972708,0.854222363909067
"AEBP1",-0.18322345713851,0.854622689774212
"THAP6",-0.183185801829799,0.854652234363548
"ZNF561",-0.183152700220099,0.854678206260648
"CGGBP1",-0.182316107397406,0.855334658649114
"ZNF607",-0.180966629901207,0.856393768993806
"PRDM4",-0.180262282260422,0.856946664971667
"ZNF611",-0.179664129962289,0.857416255292051
"RELA",-0.17901079160239,0.85792922809341
"ZNF253",-0.17881058737327,0.858086431746697
"CXXC1",0.176948051008561,0.859549194840355
"SIX4",-0.176888098153093,0.859596287500618
"STAT2",0.176120474685219,0.860199295871519
"RBAK",-0.174389535732591,0.861559337592385
"FOXK2",-0.174217525612806,0.861694512708842
"ZBTB49",-0.172816509560304,0.862795659545542
"ARID5B",-0.17230049143665,0.863201298020348
"ZNF138",-0.172119043276437,0.863343941809592
"ZNF740",-0.172010445068592,0.863429317415407
"ZNF486",-0.171668615749332,0.863698060480962
"BBX",-0.17118263073107,0.864080164572512
"ARNTL",-0.168775801795199,0.865972992621327
"SNAI3",-0.167088598727765,0.867300336800897
"ZNF781",0.166949300977221,0.867409940893396
"L3MBTL3",-0.166095316014702,0.868081940236864
"GMEB1",-0.165432044140445,0.868603933563509
"PRMT3",-0.165310553448397,0.868699552651443
"ZNF140",0.164607552241617,0.86925288648195
"PLAGL1",-0.164254586350234,0.869530730892107
"ZSCAN9",-0.163210653098671,0.870352578716052
"ZNF543",0.16232886260191,0.871046887027426
"ZNF677",-0.162063646580979,0.871255733520507
"ZNF703",-0.161906405172517,0.871379558774533
"ZNF432",-0.160922066082385,0.872154782582228
"NFE2L2",-0.160901434352556,0.872171032575999
"ZSCAN12",0.160799913596167,0.872250993290977
"CHCHD3",-0.160239576126436,0.872692354923193
"MBD4",-0.160011800772728,0.872871778323871
"CREB3L2",-0.15806322748397,0.874406976512321
"ZNF630",-0.157999506562861,0.874457187537679
"ZNF76",0.157995851684296,0.874460067536493
"IKZF5",0.157978372196464,0.874473841178319
"FBXL19",0.157804328003063,0.874610988139321
"DNTTIP1",-0.156921075632129,0.875307049679524
"ETV5",-0.15656531671055,0.875587438628382
"ZNF619",-0.156318543647216,0.875781940298256
"ZNF830",-0.155806834449265,0.876185283310198
"BRF2",-0.155118586292547,0.876727829794308
"SKI",0.154435235075599,0.877266573326746
"TFDP1",-0.154205681345329,0.877447562708323
"ZNF850",-0.152730323492137,0.878610946612932
"HES1",0.152580902518405,0.878728786218814
"KDM2A",-0.151657691177643,0.879456928632524
"RREB1",-0.151619286577057,0.879487220788218
"ZNF566",-0.148547279357073,0.881910876276037
"PPARA",-0.148403012045042,0.882024723126059
"ZNF300",-0.148194162316226,0.882189538747383
"SRF",0.148114715314291,0.882252236395401
"ZNF302",-0.146210811988638,0.883754970553328
"ZNF16",-0.145092207535039,0.884638070672093
"RUNX1",-0.144873409747914,0.884810820867674
"ZNF605",0.142709556688839,0.886519568831074
"NFATC1",-0.141795244080309,0.88724174078651
"ZNF7",-0.141697036064576,0.887319316196972
"MZF1",0.140554863509814,0.88822160784692
"SPEN",-0.1398235146213,0.888799433822312
"ARID2",-0.139738935472073,0.888866262147793
"ZNF550",-0.138211426736359,0.890073324539749
"MESP1",-0.138032017333114,0.890215113563451
"ZBTB39",0.138023832484993,0.89022158221356
"SNAPC2",-0.13797401389881,0.890260955001914
"RARA",0.137771294149411,0.890421171929069
"ZNF227",-0.136770558929419,0.891212155487388
"PRDM8",-0.136169481735538,0.891687300462411
"ZBED4",-0.135535104058513,0.89218881128636
"ZNF548",0.134503449215419,0.89300448379505
"BAZ2B",0.134212927644356,0.893234203619313
"IRF2",-0.133943054119709,0.893447604744725
"TGIF1",0.133766234837601,0.893587427882044
"SP140L",-0.133479169180692,0.893814437432718
"SCMH1",-0.133282078516122,0.893970300414512
"YBX3",-0.131505284262684,0.895375606641315
"ZNF587B",0.130117564152723,0.896473414072205
"MBD1",-0.127464728305793,0.898572588164627
"TCF4",-0.126669920131996,0.899201654280426
"ZNF665",-0.126290787186793,0.899501748630064
"TBP",-0.124955723944866,0.900558602699264
"ZNF48",-0.124947756712021,0.900564910199347
"THAP2",0.124521546277009,0.90090234168238
"ZNF45",0.124214726226163,0.901145262697288
"ZFP91",-0.124027758373405,0.901293296744527
"BATF3",0.123474298603654,0.90173152527895
"ZFP62",-0.123260253819557,0.901901013624674
"GATAD2B",-0.122947346305289,0.902148793074642
"ARID3B",-0.121848298222061,0.903019162448831
"RXRA",0.1214047055438,0.903370489966217
"ZNF829",-0.120569102136049,0.904032343187423
"ZNF383",-0.120037956286155,0.904453080559596
"CXXC5",-0.118697150823096,0.905515293904421
"L3MBTL4",0.118431090637481,0.905726092354481
"PCGF6",0.117836948582338,0.906196852750103
"ZNF691",0.117538434719017,0.906433388609633
"NAIF1",0.116654516331822,0.90713383480866
"CREB3",-0.114634166254722,0.908735097459195
"TBX19",0.114138141104687,0.909128287544405
"NFATC3",-0.113889729550602,0.909325207222286
"SKIL",0.113299800785742,0.909792875174269
"ZNF544",-0.112426721682461,0.910485068798807
"HBP1",-0.111231834618907,0.911432507886313
"ZNF557",-0.111180480551319,0.911473229923036
"TIGD3",-0.110318525479937,0.912156765727305
"ZNF576",0.11015216165201,0.912288700790393
"TGIF2",0.110064150494418,0.912358499138353
"ZNF827",0.11003709902426,0.912379952780559
"PRDM10",0.109124371586809,0.913103844588886
"AKAP8",0.108952081471223,0.913240497436806
"POU2F2",-0.107684110916944,0.914246273866142
"ZNF66",-0.107326149785946,0.914530239826598
"ZSCAN21",-0.106720959505146,0.915010354286663
"MAFK",-0.104042201188685,0.917135858572817
"MAF",0.103787539989186,0.917337954713237
"CC2D1A",-0.102072950396906,0.918698771306336
"NKX3-1",0.10147035870307,0.919177086415873
"TCFL5",-0.101271278516507,0.919335115377142
"ZBTB16",0.100282039144221,0.92012041629291
"TIGD1",-0.0998681379621035,0.920449012079564
"ARNT",-0.0996746434201757,0.920602631889846
"ZNF496",0.0994120243059273,0.920811136041808
"ZNF480",0.0993566659171435,0.920855088046221
"GLYR1",-0.0993493604232886,0.920860888289056
"ZNF600",0.0991209280962946,0.921042255695331
"NFIC",-0.0991164003199731,0.921045850635447
"ZFP14",-0.0987752853207034,0.921316691968991
"ZNF540",-0.0986957138650713,0.921379872091132
"ZNF598",-0.0982012856980701,0.921772461561146
"ELF3",-0.0980145203592984,0.921920763307005
"CREB3L4",0.0962540390351637,0.923318813066572
"ZBTB25",-0.0955848295607188,0.923850314283191
"TFE3",-0.0948380253025125,0.924443483152691
"ZNF277",-0.0947195476164796,0.924537591032045
"ZNF581",-0.0942759799712315,0.924889930124099
"ATF7",-0.0942137571914017,0.924939356725417
"ZNF574",0.0940946061540515,0.925034005038193
"ZFP30",0.0939522519740642,0.925147086292091
"NR1H2",0.0934623692701926,0.925536243770303
"GABPA",-0.0933316780692414,0.925640066449944
"ZBED5",0.0921748401161061,0.926559127607546
"ZNF597",0.0917908503897341,0.92686421370312
"ZNF69",-0.0916763656923434,0.926955175743991
"ZNF692",-0.090802495775575,0.92764952690406
"KLF16",-0.0906396648089036,0.92777891367429
"ZNF81",-0.0887567495431794,0.929275230839156
"ELF4",-0.0882679322810322,0.929663725778205
"THAP4",-0.0881651023242336,0.929745453584401
"ZNF580",-0.0879932657788621,0.929882028511727
"ZNF155",0.086833969270527,0.930803486018848
"ZNF326",-0.0867252383609275,0.930889914685238
"VDR",-0.0864344890315721,0.931121031226806
"ZNF800",-0.0850303211323799,0.932237285217105
"ZNF513",0.0848381834878406,0.93239003691997
"ZNF75D",0.0846287223738076,0.932556563822886
"ZNF200",0.0840763967311072,0.932995690865595
"CREB5",0.0838338396995975,0.933188542522866
"ZNF394",0.0836584142224466,0.933328021830837
"TET1",-0.0834065124212538,0.933528310393954
"DLX2",0.0829092888419609,0.933923668045261
"E2F4",-0.0825072760681186,0.934243332598395
"ZNF107",-0.0824804275686515,0.93426468183458
"ZNF524",-0.0824171608318721,0.93431499010327
"ZNF333",-0.0818761605433984,0.934745191907338
"ZNF687",0.0815194014354876,0.935028896112605
"HOXA7",-0.0814356463117959,0.935095501582242
"ZNF419",-0.0813639416006016,0.935152524436331
"ZXDC",-0.0811863168219865,0.93529378118722
"ZNF195",-0.080969559386137,0.935466161085232
"TFAP2E",0.0809362294101739,0.935492667562621
"ZNF32",0.080908382448031,0.935514813594188
"ZNF707",-0.0807214793262189,0.935663454524938
"ZNF573",0.0807139473303462,0.935669444642483
"USF3",0.0800745347824922,0.936177975996948
"CLOCK",-0.0795380236200186,0.936604688922783
"MTERF3",0.0795297919908687,0.936611236072347
"ZNF431",-0.0793281852987761,0.936771588312125
"LIN54",-0.0787663291580453,0.937218486249099
"ZBTB10",0.0781451209377314,0.937712615589269
"CEBPD",-0.0776315899152713,0.938121113083322
"ZNF346",-0.0776298229186123,0.938122518700792
"ZNF174",0.0774706827610731,0.938249112930954
"ZNF101",0.076793117502707,0.938788126008789
"ZNF589",-0.0766147329172134,0.938930038230882
"AHR",0.0764073366564883,0.93909503286332
"THYN1",0.0761074429788905,0.939333618677313
"ZNF511",0.0758738605893819,0.939519453125944
"ZNF322",0.0741177506483926,0.940916691133399
"ZNF506",0.0741152029785353,0.940918718304311
"MNT",-0.0723212496641612,0.942346254188106
"IRF8",-0.0721029280829004,0.942519996019837
"ZNF395",0.0712776788526805,0.943176759732068
"ZNF770",0.0709119645747875,0.943467820995422
"ZNF264",-0.0707470754169412,0.943599053909339
"NFXL1",-0.070707346969736,0.943630673439206
"RFX5",0.0701533527785859,0.944071601889892
"ZNF189",-0.0697363947810267,0.944403473437386
"SAFB2",0.0694741010381215,0.944612247208552
"ZFP37",-0.0694555624105316,0.944627003248678
"ZNF749",0.0691112663661312,0.944901053209394
"LCOR",0.0688527739899562,0.94510681015284
"ZFP1",-0.0687795546990808,0.94516509252817
"SCML4",0.0687362250276679,0.945199582978232
"THAP7",0.0678550562374051,0.945901016174294
"E2F6",-0.0663816840476949,0.947073952048155
"ZNF568",0.0658270267386435,0.947515538671675
"ZKSCAN8",-0.0655539386184109,0.947732961842892
"MTERF2",-0.0648556456728274,0.948288935827117
"ZFP90",-0.064055715050154,0.948925863659179
"MEF2A",0.0640432955595454,0.948935752674125
"STAT5A",-0.0626646048734268,0.950033583193889
"ZNF415",0.062207607332342,0.95039750445017
"ZNF628",-0.0621658974838247,0.950430719807116
"ZNF274",-0.0621092650686393,0.950475818787369
"IRF9",0.0620499422630741,0.950523060418541
"ZNF790",-0.0615816629957959,0.950895980032568
"MTERF4",-0.0614586592602953,0.950993937267624
"ZSCAN29",-0.0614021978282119,0.95103890205072
"STAT6",-0.0609207629670361,0.951422313699641
"NFE2L1",-0.0605136922244952,0.951746511016977
"ARID3A",-0.0604034213772317,0.951834333770216
"ZNF680",-0.0591609620783317,0.952823902902077
"ZSCAN30",0.0579486582881225,0.953789524503618
"BCL6",-0.0578875646766069,0.953838188462702
"ZNF23",-0.0576061602891874,0.954062342622821
"ZNF704",-0.0572250903936716,0.954365891661732
"CREBL2",0.0571378143906667,0.954435414084701
"CREB1",-0.0559549077455013,0.955377729251873
"ZNF184",0.0556944589076144,0.955585213803964
"SOX4",-0.0555033187403549,0.955737486055394
"USF1",0.0534369128658749,0.957383795000075
"FOXA2",-0.0527589947583692,0.95792393341312
"ZNF701",-0.0526929733048287,0.957976537739942
"CAMTA1",-0.0520139052278474,0.958517613642821
"FLYWCH1",0.0510704486255912,0.959269383833366
"E2F2",0.0506994178065535,0.959565040577365
"ZNF684",-0.0500605406151833,0.960074144316952
"ZNF841",-0.0492156763366556,0.960747418495422
"ZNF439",-0.049061675914296,0.960870144797134
"ZNF565",-0.0490337037037427,0.960892436562552
"ZNF146",-0.0490311508844116,0.960894470970672
"TRERF1",0.049030459579581,0.960895021889515
"ZNF341",-0.048166187068287,0.961583797706406
"NFATC2",-0.0467600150917293,0.962704497486961
"ZNF710",0.0463832562918344,0.963004781692334
"TET3",0.0456400087929216,0.963597179976529
"IRF3",-0.0450231475405255,0.964088858590592
"ZNF441",0.0450032086877193,0.964104751384367
"REPIN1",0.0449131180327395,0.964176560718519
"PATZ1",-0.0448571409308971,0.964221179015506
"ZNF234",-0.0435252861511032,0.965282808188539
"E4F1",-0.0434513325383101,0.965341758863292
"NCOA3",-0.043380706062153,0.96539805755305
"ZNF257",0.0428487222784549,0.965822124867617
"ZBTB42",-0.0419731733951701,0.966520083793853
"RFX7",0.0414718781595883,0.966919711537305
"ZNF865",-0.0406547570089955,0.967571130427997
"ELK4",0.0403355358470799,0.967825623311968
"MTF1",-0.0393456148365381,0.968614839371825
"ZNF639",0.0391660077449551,0.968758034721143
"ZNF652",0.0386483447324203,0.969170757540317
"HSF2",0.0385575444565234,0.969243151718003
"ZNF646",-0.0378219939685501,0.969829608265607
"ZNF575",0.0377448433385671,0.9698911216386
"ZNF780A",0.0351942832792704,0.97192482069123
"POU2F1",0.0336324141076403,0.973170274162435
"ATMIN",-0.0332730502614095,0.973456844632244
"ZNF2",0.0323461574690267,0.974196000107889
"ZFP82",-0.0323290660586038,0.974209629952016
"ZBTB2",0.0310915082349213,0.975196561844038
"ZNF280C",0.0286661661395019,0.977130840781198
"TSHZ1",-0.0282898101927078,0.977431007637028
"NCOA2",0.0267014440804148,0.978697861334564
"ZNF585A",-0.0264626987528872,0.978888285255632
"LEF1",-0.025877870631481,0.979354750813074
"KLF10",-0.0257404069071322,0.979464394472775
"MLX",-0.024658797786679,0.980327119681414
"CEBPG",-0.0238356964038849,0.980983666518362
"HOXB3",-0.02304186390807,0.981616879234057
"ZNF879",-0.0222432295620967,0.982253933906415
"ZNF621",0.0221827411610341,0.982302184762365
"ZFP64",0.0219306158260644,0.982503302746387
"RLF",-0.0218685082980308,0.982552845502557
"FOXO1",0.021591562648835,0.982773763995126
"DBP",0.0212142820915534,0.983074721385147
"ZNF275",-0.0183151352143412,0.985387453336978
"USF2",0.0181222152646803,0.985541355642288
"ZNF230",-0.0180200037907516,0.985622895284154
"ZNF485",-0.0170513112397939,0.986395681259816
"ZNF74",-0.0163157251738393,0.986982512336855
"ZNF726",-0.0159596804069469,0.987266557969049
"ZNF335",0.014711352736156,0.988262462165441
"HOXA3",0.014439940538795,0.988478994764324
"SATB1",0.0142229348317936,0.988652122486933
"ZBTB20",-0.0138546894423525,0.988945910843553
"HMG20B",-0.0136294804272303,0.989125584673249
"JRKL",-0.0135536663875767,0.98918606993796
"TBPL1",0.013185983035109,0.989479412587511
"ZSCAN18",0.0122681092018492,0.990211710611752
"RORB",0.0122140535981285,0.990254837512104
"ETV3",-0.0117601338942476,0.990616987012925
"ZNF236",-0.011616960497711,0.990731215052136
"ZGPAT",-0.0113177651135836,0.990969922733309
"ZNF671",0.0108012222897904,0.991382039068586
"ZNF410",-0.0101640622993652,0.991890391248001
"RFX2",-0.00984691007351997,0.992143429445254
"ZNF853",-0.00839497712655358,0.99330185603852
"HIF1A",0.00835858740152375,0.993330889819617
"NFYB",-0.00825500112131849,0.993413536861777
"ZNF816",0.00750744360892008,0.994009982921331
"ZNF766",-0.00705949894524396,0.994367381569646
"HINFP",-0.00554697227031278,0.995574179162602
"MEF2D",-0.00516046500313117,0.995882562922278
"PURB",0.00472184576304586,0.996232526167003
"SETDB2",-0.00329505522281202,0.997370931068197
"ZNF549",0.00290382811512914,0.997683083635837
"ZNF235",0.00231713659002537,0.998151194143958
"ZNF512",0.00158957218125829,0.998731705432401
"ZNF267",0.000213545675070175,0.99982961520413
"ZNF141",-0.000107704857707934,0.999914063957077
